{
  "resourceType": "Location",
  "id": "Loc-X410005",
  "meta": {
    "security": [
      {
        "system": "http://terminology.hl7.org/CodeSystem/v3-ActReason",
        "code": "HTEST",
        "display": "test health data"
      }
    ]
  },
  "text": {
    "status": "generated",
    "div": "<div xmlns=\"http://www.w3.org/1999/xhtml\"><p><b>Generated Narrative with Details</b></p><p><b>id</b>: Loc-X410005</p><p><b>meta</b>: </p><p><b>status</b>: active</p><p><b>name</b>: SAINT JOHN HOSPITAL Building</p><p><b>mode</b>: instance</p><p><b>type</b>: Hospital <span style=\"background: LightGoldenRodYellow\">(Details : {http://terminology.hl7.org/CodeSystem/v3-RoleCode code 'HOSP' = 'Hospital)</span></p><p><b>address</b>: 200 HIGH SERVICE AVE N PROVIDENCE RI 02904 USA (WORK)</p><p><b>physicalType</b>: Site <span style=\"background: LightGoldenRodYellow\">(Details : {http://terminology.hl7.org/CodeSystem/location-physical-type code 'si' = 'Site)</span></p><h3>Positions</h3><table class=\"grid\"><tr><td>-</td><td><b>Longitude</b></td><td><b>Latitude</b></td></tr><tr><td>*</td><td>-71.458498</td><td>41.855796</td></tr></table><p><b>managingOrganization</b>: <a href=\"Organization-X410005.html\">Generated Summary: id: X410005; X410005; active; <span title=\"Codes: {http://terminology.hl7.org/CodeSystem/organization-type prov}\">Healthcare Provider</span>; name: SAINT JOHN HOSPITAL</a></p></div>"
  },
  "status": "active",
  "name": "SAINT JOHN HOSPITAL Building",
  "mode": "instance",
  "type": [
    {
      "coding": [
        {
          "system": "http://terminology.hl7.org/CodeSystem/v3-RoleCode",
          "code": "HOSP"
        }
      ]
    }
  ],
  "address": {
    "extension": [
      {
        "extension": [
          {
            "url": "latitude",
            "valueDecimal": 41.855796
          },
          {
            "url": "longitude",
            "valueDecimal": -71.458498
          }
        ],
        "url": "http://hl7.org/fhir/StructureDefinition/geolocation"
      }
    ],
    "use": "work",
    "type": "both",
    "line": [
      "200 HIGH SERVICE AVE"
    ],
    "city": "N PROVIDENCE",
    "district": "PROVIDENCE",
    "state": "RI",
    "postalCode": "02904",
    "country": "USA"
  },
  "physicalType": {
    "coding": [
      {
        "system": "http://terminology.hl7.org/CodeSystem/location-physical-type",
        "code": "si"
      }
    ]
  },
  "position": {
    "longitude": -71.458498,
    "latitude": 41.855796
  },
  "managingOrganization": {
    "reference": "Organization/X410005"
  }
}