{
  "resourceType": "Location",
  "id": "Loc-X140124",
  "meta": {
    "security": [
      {
        "system": "http://terminology.hl7.org/CodeSystem/v3-ActReason",
        "code": "HTEST",
        "display": "test health data"
      }
    ]
  },
  "text": {
    "status": "generated",
    "div": "<div xmlns=\"http://www.w3.org/1999/xhtml\"><p><b>Generated Narrative with Details</b></p><p><b>id</b>: Loc-X140124</p><p><b>meta</b>: </p><p><b>status</b>: active</p><p><b>name</b>: URSULA KROEBER HOSPITAL Building</p><p><b>mode</b>: instance</p><p><b>type</b>: Hospital <span style=\"background: LightGoldenRodYellow\">(Details : {http://terminology.hl7.org/CodeSystem/v3-RoleCode code 'HOSP' = 'Hospital)</span></p><p><b>address</b>: 1901 W HARRISON ST CHICAGO IL 60612 USA (WORK)</p><p><b>physicalType</b>: Site <span style=\"background: LightGoldenRodYellow\">(Details : {http://terminology.hl7.org/CodeSystem/location-physical-type code 'si' = 'Site)</span></p><h3>Positions</h3><table class=\"grid\"><tr><td>-</td><td><b>Longitude</b></td><td><b>Latitude</b></td></tr><tr><td>*</td><td>-87.674311</td><td>41.874041</td></tr></table><p><b>managingOrganization</b>: <a href=\"Organization-X140124.html\">Generated Summary: id: X140124; X140124; active; <span title=\"Codes: {http://terminology.hl7.org/CodeSystem/organization-type prov}\">Healthcare Provider</span>; name: URSULA KROEBER HOSPITAL</a></p></div>"
  },
  "status": "active",
  "name": "URSULA KROEBER HOSPITAL Building",
  "mode": "instance",
  "type": [
    {
      "coding": [
        {
          "system": "http://terminology.hl7.org/CodeSystem/v3-RoleCode",
          "code": "HOSP"
        }
      ]
    }
  ],
  "address": {
    "extension": [
      {
        "extension": [
          {
            "url": "latitude",
            "valueDecimal": 41.874041
          },
          {
            "url": "longitude",
            "valueDecimal": -87.674311
          }
        ],
        "url": "http://hl7.org/fhir/StructureDefinition/geolocation"
      }
    ],
    "use": "work",
    "type": "both",
    "line": [
      "1901 W HARRISON ST"
    ],
    "city": "CHICAGO",
    "district": "COOK",
    "state": "IL",
    "postalCode": "60612",
    "country": "USA"
  },
  "physicalType": {
    "coding": [
      {
        "system": "http://terminology.hl7.org/CodeSystem/location-physical-type",
        "code": "si"
      }
    ]
  },
  "position": {
    "longitude": -87.674311,
    "latitude": 41.874041
  },
  "managingOrganization": {
    "reference": "Organization/X140124"
  }
}