{
  "resourceType": "Organization",
  "id": "X140124",
  "meta": {
    "security": [
      {
        "system": "http://terminology.hl7.org/CodeSystem/v3-ActReason",
        "code": "HTEST",
        "display": "test health data"
      }
    ]
  },
  "text": {
    "status": "generated",
    "div": "<div xmlns=\"http://www.w3.org/1999/xhtml\"><p><b>Generated Narrative with Details</b></p><p><b>id</b>: X140124</p><p><b>meta</b>: </p><p><b>identifier</b>: X140124</p><p><b>active</b>: true</p><p><b>type</b>: Healthcare Provider <span style=\"background: LightGoldenRodYellow\">(Details : {http://terminology.hl7.org/CodeSystem/organization-type code 'prov' = 'Healthcare Provider)</span></p><p><b>name</b>: URSULA KROEBER HOSPITAL</p><p><b>address</b>: 1901 W HARRISON ST CHICAGO IL 60612 USA (WORK)</p></div>"
  },
  "identifier": [
    {
      "system": "http://build.fhir.org/ig/AudaciousInquiry/saner-ig/connectathon/hospitals",
      "value": "X140124"
    }
  ],
  "active": true,
  "type": [
    {
      "coding": [
        {
          "system": "http://terminology.hl7.org/CodeSystem/organization-type",
          "code": "prov"
        }
      ]
    }
  ],
  "name": "URSULA KROEBER HOSPITAL",
  "address": [
    {
      "extension": [
        {
          "extension": [
            {
              "url": "latitude",
              "valueDecimal": 41.874041
            },
            {
              "url": "longitude",
              "valueDecimal": -87.674311
            }
          ],
          "url": "http://hl7.org/fhir/StructureDefinition/geolocation"
        }
      ],
      "use": "work",
      "type": "both",
      "line": [
        "1901 W HARRISON ST"
      ],
      "city": "CHICAGO",
      "district": "COOK",
      "state": "IL",
      "postalCode": "60612",
      "country": "USA"
    }
  ]
}