{
  "resourceType": "Questionnaire",
  "id": "CDCPatientImpactAndHospitalCapacity",
  "meta": {
    "profile": [
      "http://hl7.org/fhir/StructureDefinition/Questionnaire"
    ]
  },
  "text": {
    "status": "generated",
    "div": "<div xmlns=\"http://www.w3.org/1999/xhtml\"><p><b>Generated Narrative with Details</b></p><p><b>id</b>: CDCPatientImpactAndHospitalCapacity</p><p><b>meta</b>: </p><p><b>url</b>: <b>http://hl7.org/fhir/us/saner/Questionnaire/CDCPatientImpactAndHospitalCapacity</b></p><p><b>version</b>: 0.1.0</p><p><b>name</b>: CDCPatientImpactAndHospitalCapacity</p><p><b>title</b>: Patient Impact and Hospital Capacity</p><p><b>status</b>: DRAFT</p><p><b>date</b>: Apr 27, 2020, 11:08:50 AM</p><p><b>publisher</b>: HL7 International</p><p><b>contact</b>: HL7 Patient Administration Workgroup: http://hl7.org/Special/committees/pafm/index.cfm, Audacious Inquiry: http://ainq.com, Keith W. Boone: mailto:kboone@ainq.com</p><p><b>description</b>: SANER implementation of the CDC COVID-19 Patient Impact &amp; Hospital Capacity Module</p><p><b>useContext</b>: </p><p><b>jurisdiction</b>: United States of America <span style=\"background: LightGoldenRodYellow\">(Details : {urn:iso:std:iso:3166 code 'US' = 'United States of America', given as 'United States of America'})</span></p><blockquote><p><b>item</b></p><p><b>linkId</b>: section_0</p><p><b>text</b>: COVID-19 Module: Patient Impact and Hospital Capacity Pathway</p><p><b>type</b>: GROUP</p><p><b>repeats</b>: false</p><h3>Items</h3><table class=\"grid\"><tr><td>-</td><td><b>LinkId</b></td><td><b>Code</b></td><td><b>Text</b></td><td><b>Type</b></td><td><b>Required</b></td><td><b>Repeats</b></td></tr><tr><td>*</td><td>facilityId</td><td>facilityId (Details: http://hl7.org/fhir/us/saner/CodeSystem/MeasurePopulationSystem code facilityId = 'facilityId', stated as 'null')</td><td>Facility ID #:</td><td>STRING</td><td>true</td><td>false</td></tr><tr><td>*</td><td>summaryCensusId</td><td>summaryCensusId (Details: http://hl7.org/fhir/us/saner/CodeSystem/MeasurePopulationSystem code summaryCensusId = 'summaryCensusId', stated as 'null')</td><td>Summary Census ID #:</td><td>STRING</td><td>true</td><td>false</td></tr><tr><td>*</td><td>collectionDate</td><td>collectionDate (Details: http://hl7.org/fhir/us/saner/CodeSystem/MeasurePopulationSystem code collectionDate = 'collectionDate', stated as 'null')</td><td>Collection Date: Select the date for which the recorded data was collected for the following questions.</td><td>DATE</td><td>true</td><td>false</td></tr></table></blockquote><blockquote><p><b>item</b></p><p><b>linkId</b>: section_1</p><p><b>text</b>: Patient Impact Data Elements</p><p><b>type</b>: GROUP</p><p><b>repeats</b>: false</p><h3>Items</h3><table class=\"grid\"><tr><td>-</td><td><b>LinkId</b></td><td><b>Code</b></td><td><b>Text</b></td><td><b>Type</b></td><td><b>Required</b></td><td><b>Repeats</b></td></tr><tr><td>*</td><td>numC19HospPats</td><td>Hospitalized COVID-19 Patients (Details: http://hl7.org/fhir/us/saner/CodeSystem/MeasurePopulationSystem code numC19HospPats = 'Hospitalized COVID-19 Patients', stated as 'null')</td><td>Hospitalized COVID-19 Patients: Patients currently hospitalized in an inpatient care location who have suspected or confirmed COVID-19.</td><td>INTEGER</td><td>false</td><td>false</td></tr><tr><td>*</td><td>numC19MechVentPats</td><td>Hospitalized and Ventilated COVID-19 Patients (Details: http://hl7.org/fhir/us/saner/CodeSystem/MeasurePopulationSystem code numC19MechVentPats = 'Hospitalized and Ventilated COVID-19 Patients', stated as 'null')</td><td>Hospitalized and Ventilated COVID-19 Patients: Patients hospitalized in an NHSN inpatient care location who have suspected or confirmed COVID-19 and are on a mechanical ventilator.</td><td>INTEGER</td><td>false</td><td>false</td></tr><tr><td>*</td><td>numC19HOPats</td><td>Hospital Onset COVID-19 Patients (Details: http://hl7.org/fhir/us/saner/CodeSystem/MeasurePopulationSystem code numC19HOPats = 'Hospital Onset COVID-19 Patients', stated as 'null')</td><td>Hospital Onset COVID-19 Patients: Patients hospitalized in an NHSN inpatient care location with onset of suspected or confirmed COVID - 19 14 or more days after hospitalization.</td><td>INTEGER</td><td>false</td><td>false</td></tr><tr><td>*</td><td>numC19OverflowPats</td><td>ED/Overflow COVID-19 Patients (Details: http://hl7.org/fhir/us/saner/CodeSystem/MeasurePopulationSystem code numC19OverflowPats = 'ED/Overflow COVID-19 Patients', stated as 'null')</td><td>ED/Overflow COVID-19 Patients: Patients with suspected or confirmed COVID-19 who are in the ED or any overflow location awaiting an inpatient bed.</td><td>INTEGER</td><td>false</td><td>false</td></tr><tr><td>*</td><td>numC19OFMechVentPats</td><td>ED/Overflow and Ventilated COVID-19 Patients (Details: http://hl7.org/fhir/us/saner/CodeSystem/MeasurePopulationSystem code numC19OFMechVentPats = 'ED/Overflow and Ventilated COVID-19 Patients', stated as 'null')</td><td>ED/Overflow and Ventilated COVID-19 Patients: Patients with suspected or confirmed COVID - 19 who are in the ED or any overflow location awaiting an inpatient bed and on a mechanical ventilator.</td><td>INTEGER</td><td>false</td><td>false</td></tr><tr><td>*</td><td>numC19Died</td><td>COVID-19 Patient Deaths (Details: http://hl7.org/fhir/us/saner/CodeSystem/MeasurePopulationSystem code numC19Died = 'COVID-19 Patient Deaths', stated as 'null')</td><td>COVID-19 Patient Deaths: Patients with suspected or confirmed COVID-19 who died in the hospital, ED, or any overflow location.</td><td>INTEGER</td><td>false</td><td>false</td></tr></table></blockquote><blockquote><p><b>item</b></p><p><b>linkId</b>: section_2</p><p><b>text</b>: Hospital Bed/ Intensive Care Unit (ICU)/ Ventilator Capacity Data Elements</p><p><b>type</b>: GROUP</p><p><b>repeats</b>: false</p><h3>Items</h3><table class=\"grid\"><tr><td>-</td><td><b>LinkId</b></td><td><b>Code</b></td><td><b>Text</b></td><td><b>Type</b></td><td><b>Required</b></td><td><b>Repeats</b></td></tr><tr><td>*</td><td>numTotBeds</td><td>All Hospital Beds (Details: http://hl7.org/fhir/us/saner/CodeSystem/MeasurePopulationSystem code numTotBeds = 'All Hospital Beds', stated as 'null')</td><td>All Hospital Beds: Total number of all Inpatient and outpatient beds, including all staffed, ICU, licensed, and overflow(surge) beds used for inpatients or outpatients.</td><td>INTEGER</td><td>false</td><td>false</td></tr><tr><td>*</td><td>numbeds</td><td>numbeds (Details: http://hl7.org/fhir/us/saner/CodeSystem/MeasurePopulationSystem code numbeds = 'numbeds', stated as 'null')</td><td>Hospital Inpatient Beds: Inpatient beds, including all staffed, licensed, and overflow(surge) beds used for inpatients.</td><td>INTEGER</td><td>true</td><td>false</td></tr><tr><td>*</td><td>numBedsOcc</td><td>Hospital Inpatient Bed Occupancy (Details: http://hl7.org/fhir/us/saner/CodeSystem/MeasurePopulationSystem code numBedsOcc = 'Hospital Inpatient Bed Occupancy', stated as 'null')</td><td>Hospital Inpatient Bed Occupancy: Total number of staffed inpatient beds that are occupied.</td><td>INTEGER</td><td>false</td><td>false</td></tr><tr><td>*</td><td>numICUBeds</td><td>ICU Beds (Details: http://hl7.org/fhir/us/saner/CodeSystem/MeasurePopulationSystem code numICUBeds = 'ICU Beds', stated as 'null')</td><td>ICU Beds: Total number of staffed inpatient intensive care unit (ICU) beds.</td><td>INTEGER</td><td>false</td><td>false</td></tr><tr><td>*</td><td>numICUBedsOcc</td><td>ICU Bed Occupancy (Details: http://hl7.org/fhir/us/saner/CodeSystem/MeasurePopulationSystem code numICUBedsOcc = 'ICU Bed Occupancy', stated as 'null')</td><td>ICU Bed Occupancy: Total number of staffed inpatient ICU beds that are occupied.</td><td>INTEGER</td><td>false</td><td>false</td></tr><tr><td>*</td><td>numVent</td><td>Mechanical Ventilators (Details: http://hl7.org/fhir/us/saner/CodeSystem/MeasurePopulationSystem code numVent = 'Mechanical Ventilators', stated as 'null')</td><td>Mechanical Ventilators: Total number of ventilators available.</td><td>INTEGER</td><td>false</td><td>false</td></tr><tr><td>*</td><td>numVentUse</td><td>Mechanical Ventilators in Use (Details: http://hl7.org/fhir/us/saner/CodeSystem/MeasurePopulationSystem code numVentUse = 'Mechanical Ventilators in Use', stated as 'null')</td><td>Mechanical Ventilators in Use: Total number of ventilators in use.</td><td>INTEGER</td><td>false</td><td>false</td></tr></table></blockquote></div>"
  },
  "url": "http://hl7.org/fhir/us/saner/Questionnaire/CDCPatientImpactAndHospitalCapacity",
  "version": "0.1.0",
  "name": "CDCPatientImpactAndHospitalCapacity",
  "title": "Patient Impact and Hospital Capacity",
  "status": "draft",
  "date": "2020-04-27T11:08:50+00:00",
  "publisher": "HL7 International",
  "contact": [
    {
      "name": "HL7 Patient Administration Workgroup",
      "telecom": [
        {
          "system": "url",
          "value": "http://hl7.org/Special/committees/pafm/index.cfm"
        }
      ]
    },
    {
      "name": "Audacious Inquiry",
      "telecom": [
        {
          "system": "url",
          "value": "http://ainq.com"
        }
      ]
    },
    {
      "name": "Keith W. Boone",
      "telecom": [
        {
          "system": "email",
          "value": "mailto:kboone@ainq.com"
        }
      ]
    }
  ],
  "description": "SANER implementation of the CDC COVID-19 Patient Impact & Hospital Capacity Module",
  "useContext": [
    {
      "code": {
        "system": "http://terminology.hl7.org/CodeSystem/usage-context-type",
        "code": "focus"
      },
      "valueCodeableConcept": {
        "coding": [
          {
            "system": "http://snomed.info/sct",
            "code": "840539006",
            "display": "COVID-19"
          }
        ]
      }
    }
  ],
  "jurisdiction": [
    {
      "coding": [
        {
          "system": "urn:iso:std:iso:3166",
          "code": "US",
          "display": "United States of America"
        }
      ]
    }
  ],
  "item": [
    {
      "linkId": "section_0",
      "text": "COVID-19 Module: Patient Impact and Hospital Capacity Pathway",
      "type": "group",
      "repeats": false,
      "item": [
        {
          "linkId": "facilityId",
          "code": [
            {
              "system": "http://hl7.org/fhir/us/saner/CodeSystem/MeasurePopulationSystem",
              "code": "facilityId"
            }
          ],
          "text": "Facility ID #:",
          "type": "string",
          "required": true,
          "repeats": false
        },
        {
          "linkId": "summaryCensusId",
          "code": [
            {
              "system": "http://hl7.org/fhir/us/saner/CodeSystem/MeasurePopulationSystem",
              "code": "summaryCensusId"
            }
          ],
          "text": "Summary Census ID #:",
          "type": "string",
          "required": true,
          "repeats": false
        },
        {
          "linkId": "collectionDate",
          "code": [
            {
              "system": "http://hl7.org/fhir/us/saner/CodeSystem/MeasurePopulationSystem",
              "code": "collectionDate"
            }
          ],
          "text": "Collection Date: Select the date for which the recorded data was collected for the following questions.",
          "type": "date",
          "required": true,
          "repeats": false
        }
      ]
    },
    {
      "linkId": "section_1",
      "text": "Patient Impact Data Elements",
      "type": "group",
      "repeats": false,
      "item": [
        {
          "linkId": "numC19HospPats",
          "code": [
            {
              "system": "http://hl7.org/fhir/us/saner/CodeSystem/MeasurePopulationSystem",
              "code": "numC19HospPats"
            }
          ],
          "text": "Hospitalized COVID-19 Patients: Patients currently hospitalized in an inpatient care location who have suspected or confirmed COVID-19.",
          "type": "integer",
          "required": false,
          "repeats": false
        },
        {
          "linkId": "numC19MechVentPats",
          "code": [
            {
              "system": "http://hl7.org/fhir/us/saner/CodeSystem/MeasurePopulationSystem",
              "code": "numC19MechVentPats"
            }
          ],
          "text": "Hospitalized and Ventilated COVID-19 Patients: Patients hospitalized in an NHSN inpatient care location who have suspected or confirmed COVID-19 and are on a mechanical ventilator.",
          "type": "integer",
          "required": false,
          "repeats": false
        },
        {
          "linkId": "numC19HOPats",
          "code": [
            {
              "system": "http://hl7.org/fhir/us/saner/CodeSystem/MeasurePopulationSystem",
              "code": "numC19HOPats"
            }
          ],
          "text": "Hospital Onset COVID-19 Patients: Patients hospitalized in an NHSN inpatient care location with onset of suspected or confirmed COVID - 19 14 or more days after hospitalization.",
          "type": "integer",
          "required": false,
          "repeats": false
        },
        {
          "linkId": "numC19OverflowPats",
          "code": [
            {
              "system": "http://hl7.org/fhir/us/saner/CodeSystem/MeasurePopulationSystem",
              "code": "numC19OverflowPats"
            }
          ],
          "text": "ED/Overflow COVID-19 Patients: Patients with suspected or confirmed COVID-19 who are in the ED or any overflow location awaiting an inpatient bed.",
          "type": "integer",
          "required": false,
          "repeats": false
        },
        {
          "linkId": "numC19OFMechVentPats",
          "code": [
            {
              "system": "http://hl7.org/fhir/us/saner/CodeSystem/MeasurePopulationSystem",
              "code": "numC19OFMechVentPats"
            }
          ],
          "text": "ED/Overflow and Ventilated COVID-19 Patients: Patients with suspected or confirmed COVID - 19 who are in the ED or any overflow location awaiting an inpatient bed and on a mechanical ventilator.",
          "type": "integer",
          "required": false,
          "repeats": false
        },
        {
          "linkId": "numC19Died",
          "code": [
            {
              "system": "http://hl7.org/fhir/us/saner/CodeSystem/MeasurePopulationSystem",
              "code": "numC19Died"
            }
          ],
          "text": "COVID-19 Patient Deaths: Patients with suspected or confirmed COVID-19 who died in the hospital, ED, or any overflow location.",
          "type": "integer",
          "required": false,
          "repeats": false
        }
      ]
    },
    {
      "linkId": "section_2",
      "text": "Hospital Bed/ Intensive Care Unit (ICU)/ Ventilator Capacity Data Elements",
      "type": "group",
      "repeats": false,
      "item": [
        {
          "linkId": "numTotBeds",
          "code": [
            {
              "system": "http://hl7.org/fhir/us/saner/CodeSystem/MeasurePopulationSystem",
              "code": "numTotBeds"
            }
          ],
          "text": "All Hospital Beds: Total number of all Inpatient and outpatient beds, including all staffed, ICU, licensed, and overflow(surge) beds used for inpatients or outpatients.",
          "type": "integer",
          "required": false,
          "repeats": false
        },
        {
          "linkId": "numbeds",
          "code": [
            {
              "system": "http://hl7.org/fhir/us/saner/CodeSystem/MeasurePopulationSystem",
              "code": "numbeds"
            }
          ],
          "text": "Hospital Inpatient Beds: Inpatient beds, including all staffed, licensed, and overflow(surge) beds used for inpatients.",
          "type": "integer",
          "required": true,
          "repeats": false
        },
        {
          "linkId": "numBedsOcc",
          "code": [
            {
              "system": "http://hl7.org/fhir/us/saner/CodeSystem/MeasurePopulationSystem",
              "code": "numBedsOcc"
            }
          ],
          "text": "Hospital Inpatient Bed Occupancy: Total number of staffed inpatient beds that are occupied.",
          "type": "integer",
          "required": false,
          "repeats": false
        },
        {
          "linkId": "numICUBeds",
          "code": [
            {
              "system": "http://hl7.org/fhir/us/saner/CodeSystem/MeasurePopulationSystem",
              "code": "numICUBeds"
            }
          ],
          "text": "ICU Beds: Total number of staffed inpatient intensive care unit (ICU) beds.",
          "type": "integer",
          "required": false,
          "repeats": false
        },
        {
          "linkId": "numICUBedsOcc",
          "code": [
            {
              "system": "http://hl7.org/fhir/us/saner/CodeSystem/MeasurePopulationSystem",
              "code": "numICUBedsOcc"
            }
          ],
          "text": "ICU Bed Occupancy: Total number of staffed inpatient ICU beds that are occupied.",
          "type": "integer",
          "required": false,
          "repeats": false
        },
        {
          "linkId": "numVent",
          "code": [
            {
              "system": "http://hl7.org/fhir/us/saner/CodeSystem/MeasurePopulationSystem",
              "code": "numVent"
            }
          ],
          "text": "Mechanical Ventilators: Total number of ventilators available.",
          "type": "integer",
          "required": false,
          "repeats": false
        },
        {
          "linkId": "numVentUse",
          "code": [
            {
              "system": "http://hl7.org/fhir/us/saner/CodeSystem/MeasurePopulationSystem",
              "code": "numVentUse"
            }
          ],
          "text": "Mechanical Ventilators in Use: Total number of ventilators in use.",
          "type": "integer",
          "required": false,
          "repeats": false
        }
      ]
    }
  ]
}