{
  "resourceType": "ValueSet",
  "id": "ScoreAgeBrackets",
  "text": {
    "status": "generated",
    "div": "<div xmlns=\"http://www.w3.org/1999/xhtml\"><h2>Age Brackets By Score (20)</h2><div><p>A Value Set of age groups in 20 year increments used in some public health dashboards</p>\n</div><ul><li>Include these codes as defined in <a href=\"CodeSystem-AgeBracket.html\"><code>http://hl7.org/fhir/us/saner/CodeSystem/AgeBracket</code></a><table class=\"none\"><tr><td style=\"white-space:nowrap\"><b>Code</b></td><td><b>Display</b></td></tr><tr><td>under20</td><td>&lt; 20</td><td>Less than 20 years in age</td></tr><tr><td>20to39</td><td>20 - 39</td><td>20 to 39 years in age</td></tr><tr><td>40to59</td><td/><td/></tr><tr><td>60to79</td><td/><td/></tr><tr><td>80plus</td><td>80+</td><td>80 or more years in age</td></tr></table></li></ul></div>"
  },
  "url": "http://hl7.org/fhir/us/saner/ValueSet/ScoreAgeBrackets",
  "version": "0.1.0",
  "name": "ScoreAgeBrackets",
  "title": "Age Brackets By Score (20)",
  "status": "active",
  "date": "2020-05-15T14:48:47+00:00",
  "publisher": "HL7 International",
  "contact": [
    {
      "name": "HL7 Patient Administration Workgroup",
      "telecom": [
        {
          "system": "url",
          "value": "http://hl7.org/Special/committees/pafm/index.cfm"
        }
      ]
    },
    {
      "name": "Audacious Inquiry",
      "telecom": [
        {
          "system": "url",
          "value": "http://ainq.com"
        }
      ]
    },
    {
      "name": "Keith W. Boone",
      "telecom": [
        {
          "system": "email",
          "value": "mailto:kboone@ainq.com"
        }
      ]
    }
  ],
  "description": "A Value Set of age groups in 20 year increments used in some public health dashboards",
  "compose": {
    "include": [
      {
        "system": "http://hl7.org/fhir/us/saner/CodeSystem/AgeBracket",
        "concept": [
          {
            "code": "under20"
          },
          {
            "code": "20to39"
          },
          {
            "code": "40to59"
          },
          {
            "code": "60to79"
          },
          {
            "code": "80plus"
          }
        ]
      }
    ]
  }
}