{
  "resourceType": "CapabilityStatement",
  "id": "MeasureConsumerPush",
  "text": {
    "status": "generated",
    "div": "<div xmlns=\"http://www.w3.org/1999/xhtml\"><h2>MeasureConsumerPush</h2><div><p>These are the requirements of a Measure Consumer actor implementing the push option</p>\n</div><table><tr><td>Mode</td><td>SERVER</td></tr><tr><td>Description</td><td>The Measure Consumer provides access to aggregated or fine-grained data gathered from one or more Measure Sources.\nThe Measure Consumer provides the ability to report on data from one or more Measure Sources.\nA Measure Consumer implementing the Push Option periodically recieves updates from the Measure Source using the Produce Measure transaction.</td></tr><tr><td>Transaction</td><td></td></tr><tr><td>System History</td><td></td></tr><tr><td>System Search</td><td></td></tr></table><table><tr><th><b>Resource Type</b></th><th><b>Profile</b></th><th><b title=\"GET a resource (read interaction)\">Read</b></th><th><b title=\"GET all set of resources of the type (search interaction)\">Search</b></th><th><b title=\"PUT a new resource version (update interaction)\">Update</b></th><th><b title=\"POST a new resource (create interaction)\">Create</b></th></tr><tr><td>MeasureReport</td><td></td><td></td><td>y</td><td>y</td></tr><tr><td>Measure</td><td></td><td></td><td>y</td><td>y</td></tr><tr><td>Location</td><td></td><td></td><td>y</td><td>y</td></tr><tr><td>Organization</td><td></td><td></td><td>y</td><td>y</td></tr><tr><td>QuestionnaireResponse</td><td></td><td></td><td>y</td><td>y</td></tr><tr><td>Questionnaire</td><td></td><td></td><td>y</td><td>y</td></tr></table></div>"
  },
  "url": "http://hl7.org/fhir/us/saner/CapabilityStatement/MeasureConsumerPush",
  "version": "0.1.0",
  "name": "MeasureConsumerPush",
  "status": "draft",
  "experimental": true,
  "date": "2020-05-07T00:00:00+00:00",
  "publisher": "HL7 International",
  "contact": [
    {
      "name": "HL7 Patient Administration Workgroup",
      "telecom": [
        {
          "system": "url",
          "value": "http://hl7.org/Special/committees/pafm/index.cfm"
        }
      ]
    },
    {
      "name": "Audacious Inquiry",
      "telecom": [
        {
          "system": "url",
          "value": "http://ainq.com"
        }
      ]
    },
    {
      "name": "Keith W. Boone",
      "telecom": [
        {
          "system": "email",
          "value": "mailto:kboone@ainq.com"
        }
      ]
    }
  ],
  "description": "These are the requirements of a Measure Consumer actor implementing the push option",
  "kind": "requirements",
  "fhirVersion": "4.0.1",
  "format": [
    "json",
    "xml"
  ],
  "implementationGuide": [
    "http://hl7.org/fhir/us/saner/ImplementationGuide/hl7.fhir.us.saner"
  ],
  "rest": [
    {
      "mode": "server",
      "documentation": "The Measure Consumer provides access to aggregated or fine-grained data gathered from one or more Measure Sources.\nThe Measure Consumer provides the ability to report on data from one or more Measure Sources.\nA Measure Consumer implementing the Push Option periodically recieves updates from the Measure Source using the Produce Measure transaction.",
      "resource": [
        {
          "type": "MeasureReport",
          "supportedProfile": [
            "http://hl7.org/fhir/us/saner/StructureDefinition/PublicHealthMeasureReport"
          ],
          "interaction": [
            {
              "extension": [
                {
                  "url": "http://hl7.org/fhir/StructureDefinition/capabilitystatement-expectation",
                  "valueCode": "SHALL"
                }
              ],
              "code": "create"
            },
            {
              "extension": [
                {
                  "url": "http://hl7.org/fhir/StructureDefinition/capabilitystatement-expectation",
                  "valueCode": "SHALL"
                }
              ],
              "code": "update"
            }
          ]
        },
        {
          "type": "Measure",
          "supportedProfile": [
            "http://hl7.org/fhir/us/saner/StructureDefinition/PublicHealthMeasure",
            "http://hl7.org/fhir/us/saner/StructureDefinition/PublicHealthMeasureStratifier"
          ],
          "interaction": [
            {
              "extension": [
                {
                  "url": "http://hl7.org/fhir/StructureDefinition/capabilitystatement-expectation",
                  "valueCode": "SHOULD"
                }
              ],
              "code": "create"
            },
            {
              "extension": [
                {
                  "url": "http://hl7.org/fhir/StructureDefinition/capabilitystatement-expectation",
                  "valueCode": "SHOULD"
                }
              ],
              "code": "update"
            }
          ]
        },
        {
          "type": "Location",
          "supportedProfile": [
            "http://hl7.org/fhir/us/saner/StructureDefinition/saner-resource-location"
          ],
          "interaction": [
            {
              "extension": [
                {
                  "url": "http://hl7.org/fhir/StructureDefinition/capabilitystatement-expectation",
                  "valueCode": "SHOULD"
                }
              ],
              "code": "create"
            },
            {
              "extension": [
                {
                  "url": "http://hl7.org/fhir/StructureDefinition/capabilitystatement-expectation",
                  "valueCode": "SHOULD"
                }
              ],
              "code": "update"
            }
          ]
        },
        {
          "type": "Organization",
          "interaction": [
            {
              "extension": [
                {
                  "url": "http://hl7.org/fhir/StructureDefinition/capabilitystatement-expectation",
                  "valueCode": "SHOULD"
                }
              ],
              "code": "create"
            },
            {
              "extension": [
                {
                  "url": "http://hl7.org/fhir/StructureDefinition/capabilitystatement-expectation",
                  "valueCode": "SHOULD"
                }
              ],
              "code": "update"
            }
          ]
        },
        {
          "type": "QuestionnaireResponse",
          "interaction": [
            {
              "extension": [
                {
                  "url": "http://hl7.org/fhir/StructureDefinition/capabilitystatement-expectation",
                  "valueCode": "SHALL"
                }
              ],
              "code": "create"
            },
            {
              "extension": [
                {
                  "url": "http://hl7.org/fhir/StructureDefinition/capabilitystatement-expectation",
                  "valueCode": "SHALL"
                }
              ],
              "code": "update"
            }
          ]
        },
        {
          "type": "Questionnaire",
          "interaction": [
            {
              "extension": [
                {
                  "url": "http://hl7.org/fhir/StructureDefinition/capabilitystatement-expectation",
                  "valueCode": "SHALL"
                }
              ],
              "code": "create"
            },
            {
              "extension": [
                {
                  "url": "http://hl7.org/fhir/StructureDefinition/capabilitystatement-expectation",
                  "valueCode": "SHALL"
                }
              ],
              "code": "update"
            }
          ]
        }
      ]
    }
  ]
}