{
  "resourceType": "CodeSystem",
  "id": "MeasureGroupSystem",
  "text": {
    "status": "generated",
    "div": "<div xmlns=\"http://www.w3.org/1999/xhtml\"><h2>Measure Group System</h2><div><p>A Code System for Groups defined by The SANER Project</p>\n</div><p>This code system http://hl7.org/fhir/us/saner/CodeSystem/MeasureGroupSystem defines the following codes:</p><table class=\"codes\"><tr><td style=\"white-space:nowrap\"><b>Code</b></td><td><b>Display</b></td><td><b>Definition</b></td></tr><tr><td style=\"white-space:nowrap\">Beds<a name=\"MeasureGroupSystem-Beds\"> </a></td><td>Beds</td><td/></tr><tr><td style=\"white-space:nowrap\">Ventilators<a name=\"MeasureGroupSystem-Ventilators\"> </a></td><td>Ventilators</td><td/></tr><tr><td style=\"white-space:nowrap\">Encounters<a name=\"MeasureGroupSystem-Encounters\"> </a></td><td>Encounters</td><td/></tr><tr><td style=\"white-space:nowrap\">VentilatorSupplies<a name=\"MeasureGroupSystem-VentilatorSupplies\"> </a></td><td>Ventilator supplies (any, including tubing)</td><td/></tr><tr><td style=\"white-space:nowrap\">N95Masks<a name=\"MeasureGroupSystem-N95Masks\"> </a></td><td>N95 masks</td><td/></tr><tr><td style=\"white-space:nowrap\">OtherRespirators<a name=\"MeasureGroupSystem-OtherRespirators\"> </a></td><td>Other respirators including PAPRs</td><td/></tr><tr><td style=\"white-space:nowrap\">SurgicalMasks<a name=\"MeasureGroupSystem-SurgicalMasks\"> </a></td><td>Surgical masks</td><td/></tr><tr><td style=\"white-space:nowrap\">EyeProtection<a name=\"MeasureGroupSystem-EyeProtection\"> </a></td><td>Eye protection including face shields or goggles</td><td/></tr><tr><td style=\"white-space:nowrap\">Gown<a name=\"MeasureGroupSystem-Gown\"> </a></td><td>Gowns (single use)</td><td/></tr><tr><td style=\"white-space:nowrap\">Glove<a name=\"MeasureGroupSystem-Glove\"> </a></td><td>Gloves</td><td/></tr><tr><td style=\"white-space:nowrap\">positiveIncreasePercent<a name=\"MeasureGroupSystem-positiveIncreasePercent\"> </a></td><td>Percent Positive among Newly Resulted Tests</td><td/></tr><tr><td style=\"white-space:nowrap\">positivePercent<a name=\"MeasureGroupSystem-positivePercent\"> </a></td><td>Cumulative Percent Positive among Resulted Tests</td><td/></tr></table></div>"
  },
  "url": "http://hl7.org/fhir/us/saner/CodeSystem/MeasureGroupSystem",
  "version": "0.1.0",
  "name": "MeasureGroupSystem",
  "title": "Measure Group System",
  "status": "active",
  "date": "2020-05-15T14:48:47+00:00",
  "publisher": "HL7 International",
  "contact": [
    {
      "name": "HL7 Patient Administration Workgroup",
      "telecom": [
        {
          "system": "url",
          "value": "http://hl7.org/Special/committees/pafm/index.cfm"
        }
      ]
    },
    {
      "name": "Audacious Inquiry",
      "telecom": [
        {
          "system": "url",
          "value": "http://ainq.com"
        }
      ]
    },
    {
      "name": "Keith W. Boone",
      "telecom": [
        {
          "system": "email",
          "value": "mailto:kboone@ainq.com"
        }
      ]
    }
  ],
  "description": "A Code System for Groups defined by The SANER Project",
  "content": "complete",
  "concept": [
    {
      "code": "Beds",
      "display": "Beds"
    },
    {
      "code": "Ventilators",
      "display": "Ventilators"
    },
    {
      "code": "Encounters",
      "display": "Encounters"
    },
    {
      "code": "VentilatorSupplies",
      "display": "Ventilator supplies (any, including tubing)"
    },
    {
      "code": "N95Masks",
      "display": "N95 masks"
    },
    {
      "code": "OtherRespirators",
      "display": "Other respirators including PAPRs"
    },
    {
      "code": "SurgicalMasks",
      "display": "Surgical masks"
    },
    {
      "code": "EyeProtection",
      "display": "Eye protection including face shields or goggles"
    },
    {
      "code": "Gown",
      "display": "Gowns (single use)"
    },
    {
      "code": "Glove",
      "display": "Gloves"
    },
    {
      "code": "positiveIncreasePercent",
      "display": "Percent Positive among Newly Resulted Tests"
    },
    {
      "code": "positivePercent",
      "display": "Cumulative Percent Positive among Resulted Tests"
    }
  ]
}