{
  "resourceType": "CodeSystem",
  "id": "MeasurePopulationSystem",
  "text": {
    "status": "generated",
    "div": "<div xmlns=\"http://www.w3.org/1999/xhtml\"><h2>Measure Population System</h2><div><p>A Code System for Populations defined by The SANER Project</p>\n</div><p>This code system http://hl7.org/fhir/us/saner/CodeSystem/MeasurePopulationSystem defines the following codes:</p><table class=\"codes\"><tr><td style=\"white-space:nowrap\"><b>Code</b></td><td><b>Display</b></td><td><b>Definition</b></td></tr><tr><td style=\"white-space:nowrap\">numTotBeds<a name=\"MeasurePopulationSystem-numTotBeds\"> </a></td><td>All Hospital Beds</td><td>Total number of all Inpatient and outpatient beds, including all staffed,ICU, licensed, and overflow (surge) beds used for inpatients or outpatients</td></tr><tr><td style=\"white-space:nowrap\">numBeds<a name=\"MeasurePopulationSystem-numBeds\"> </a></td><td>Hospital Inpatient Beds</td><td>Inpatient beds, including all staffed, licensed, and overflow (surge) beds used for inpatients</td></tr><tr><td style=\"white-space:nowrap\">numBedsOcc<a name=\"MeasurePopulationSystem-numBedsOcc\"> </a></td><td>Hospital Inpatient Bed Occupancy</td><td>Total number of staffed inpatient beds that are occupied</td></tr><tr><td style=\"white-space:nowrap\">numICUBeds<a name=\"MeasurePopulationSystem-numICUBeds\"> </a></td><td>ICU Beds</td><td>Total number of staffed inpatient intensive care unit (ICU) beds</td></tr><tr><td style=\"white-space:nowrap\">numICUBedsOcc<a name=\"MeasurePopulationSystem-numICUBedsOcc\"> </a></td><td>ICU Bed Occupancy</td><td>Total number of staffed inpatient ICU beds that are occupied</td></tr><tr><td style=\"white-space:nowrap\">numVent<a name=\"MeasurePopulationSystem-numVent\"> </a></td><td>Mechanical Ventilators</td><td>Total number of ventilators available</td></tr><tr><td style=\"white-space:nowrap\">numVentUse<a name=\"MeasurePopulationSystem-numVentUse\"> </a></td><td>Mechanical Ventilators in Use</td><td>Total number of ventilators in use</td></tr><tr><td style=\"white-space:nowrap\">numC19Pats<a name=\"MeasurePopulationSystem-numC19Pats\"> </a></td><td>All COVID-19 Confirmed or Suspected Patients</td><td>Patients with suspected or confirmed COVID-19 in any location.</td></tr><tr><td style=\"white-space:nowrap\">numC19HospPats<a name=\"MeasurePopulationSystem-numC19HospPats\"> </a></td><td>Hospitalized COVID-19 Patients</td><td>Patients currently hospitalized in an inpatient care location who have suspected or confirmed COVID-19</td></tr><tr><td style=\"white-space:nowrap\">numC19OverflowPats<a name=\"MeasurePopulationSystem-numC19OverflowPats\"> </a></td><td>ED/Overflow COVID-19 Patients</td><td>Patients with suspected or confirmed COVID-19 who are in the ED or any overflow location awaiting an inpatient bed</td></tr><tr><td style=\"white-space:nowrap\">numC19HOPats<a name=\"MeasurePopulationSystem-numC19HOPats\"> </a></td><td>Hospital Onset COVID-19 Patients</td><td>Patients hospitalized in an NHSN inpatient care location with onset of suspected or confirmed COVID-19 14 or more days after hospitalization</td></tr><tr><td style=\"white-space:nowrap\">numC19VentPats<a name=\"MeasurePopulationSystem-numC19VentPats\"> </a></td><td>Ventilated COVID-19 Patients</td><td>Patients in any location who have suspected or confirmed COVID-19 and are on a mechanical ventilator</td></tr><tr><td style=\"white-space:nowrap\">numC19MechVentPats<a name=\"MeasurePopulationSystem-numC19MechVentPats\"> </a></td><td>Hospitalized and Ventilated COVID-19 Patients</td><td>Patients hospitalized in an NHSN inpatient care location who have suspected or confirmed COVID-19 and are on a mechanical ventilator</td></tr><tr><td style=\"white-space:nowrap\">numC19OFMechVentPats<a name=\"MeasurePopulationSystem-numC19OFMechVentPats\"> </a></td><td>ED/Overflow and Ventilated COVID-19 Patients</td><td>Patients with suspected or confirmed COVID-19 who are in the ED or any overflow location awaiting an inpatient bed and on a mechanical ventilator</td></tr><tr><td style=\"white-space:nowrap\">numC19Died<a name=\"MeasurePopulationSystem-numC19Died\"> </a></td><td>COVID-19 Patient Deaths</td><td>Patients with suspected or confirmed COVID-19 who died in the hospital, ED, or any overflow location</td></tr><tr><td style=\"white-space:nowrap\">totalOrdersIncrease<a name=\"MeasurePopulationSystem-totalOrdersIncrease\"> </a></td><td>New Diagnostic Tests Ordered/Received</td><td/></tr><tr><td style=\"white-space:nowrap\">totalOrders<a name=\"MeasurePopulationSystem-totalOrders\"> </a></td><td>Cumulative Diagnostic Tests Ordered/Received</td><td/></tr><tr><td style=\"white-space:nowrap\">totalTestResultsIncrease<a name=\"MeasurePopulationSystem-totalTestResultsIncrease\"> </a></td><td>New Tests Resulted</td><td/></tr><tr><td style=\"white-space:nowrap\">rejected<a name=\"MeasurePopulationSystem-rejected\"> </a></td><td>Cumulative Specimens Rejected</td><td/></tr><tr><td style=\"white-space:nowrap\">totalTestResults<a name=\"MeasurePopulationSystem-totalTestResults\"> </a></td><td>Cumulative Tests Performed</td><td/></tr><tr><td style=\"white-space:nowrap\">positiveIncrease<a name=\"MeasurePopulationSystem-positiveIncrease\"> </a></td><td>New Positive COVID-19 Tests</td><td/></tr><tr><td style=\"white-space:nowrap\">positive<a name=\"MeasurePopulationSystem-positive\"> </a></td><td>Cumulative Positive COVID-19 Tests</td><td/></tr><tr><td style=\"white-space:nowrap\">allReports<a name=\"MeasurePopulationSystem-allReports\"> </a></td><td>All Laboratory Reports for any Order</td><td/></tr><tr><td style=\"white-space:nowrap\">latestReports<a name=\"MeasurePopulationSystem-latestReports\"> </a></td><td>Most Recent Laboratory Reports for any Order</td><td/></tr><tr><td style=\"white-space:nowrap\">ventsupply<a name=\"MeasurePopulationSystem-ventsupply\"> </a></td><td>Ventilator supplies (any, including tubing) - On-hand Supply</td><td/></tr><tr><td style=\"white-space:nowrap\">ventreuse<a name=\"MeasurePopulationSystem-ventreuse\"> </a></td><td>Ventilator supplies (any, including tubing) - Reusing or Extending Use</td><td/></tr><tr><td style=\"white-space:nowrap\">ventobtain<a name=\"MeasurePopulationSystem-ventobtain\"> </a></td><td>Ventilator supplies (any, including tubing) - Able to Obtain</td><td/></tr><tr><td style=\"white-space:nowrap\">n95masksupply<a name=\"MeasurePopulationSystem-n95masksupply\"> </a></td><td>N95 masks - On-hand Supply</td><td/></tr><tr><td style=\"white-space:nowrap\">n95maskreuse<a name=\"MeasurePopulationSystem-n95maskreuse\"> </a></td><td>N95 masks - Reusing or Extending Use</td><td/></tr><tr><td style=\"white-space:nowrap\">n95maskobtain<a name=\"MeasurePopulationSystem-n95maskobtain\"> </a></td><td>N95 masks - Able to Obtain</td><td/></tr><tr><td style=\"white-space:nowrap\">othrespsupply<a name=\"MeasurePopulationSystem-othrespsupply\"> </a></td><td>Other respirators including PAPRs - On-hand Supply</td><td/></tr><tr><td style=\"white-space:nowrap\">othrespreuse<a name=\"MeasurePopulationSystem-othrespreuse\"> </a></td><td>Other respirators including PAPRs - Reusing or Extending Use</td><td/></tr><tr><td style=\"white-space:nowrap\">othrespobtain<a name=\"MeasurePopulationSystem-othrespobtain\"> </a></td><td>Other respirators including PAPRs - Able to Obtain</td><td/></tr><tr><td style=\"white-space:nowrap\">surgmasksupply<a name=\"MeasurePopulationSystem-surgmasksupply\"> </a></td><td>Surgical masks - On-hand Supply</td><td/></tr><tr><td style=\"white-space:nowrap\">surgmaskreuse<a name=\"MeasurePopulationSystem-surgmaskreuse\"> </a></td><td>Surgical masks - Reusing or Extending Use</td><td/></tr><tr><td style=\"white-space:nowrap\">surgmaskobtain<a name=\"MeasurePopulationSystem-surgmaskobtain\"> </a></td><td>Surgical masks - Able to Obtain</td><td/></tr><tr><td style=\"white-space:nowrap\">shieldsupply<a name=\"MeasurePopulationSystem-shieldsupply\"> </a></td><td>Eye protection including face shields or goggles - On-hand Supply</td><td/></tr><tr><td style=\"white-space:nowrap\">shieldreuse<a name=\"MeasurePopulationSystem-shieldreuse\"> </a></td><td>Eye protection including face shields or goggles - Reusing or Extending Use</td><td/></tr><tr><td style=\"white-space:nowrap\">shieldobtain<a name=\"MeasurePopulationSystem-shieldobtain\"> </a></td><td>Eye protection including face shields or goggles - Able to Obtain</td><td/></tr><tr><td style=\"white-space:nowrap\">gownsupply<a name=\"MeasurePopulationSystem-gownsupply\"> </a></td><td>Gowns (single use) - On-hand Supply</td><td/></tr><tr><td style=\"white-space:nowrap\">gownreuse<a name=\"MeasurePopulationSystem-gownreuse\"> </a></td><td>Gowns (single use) - Reusing or Extending Use</td><td/></tr><tr><td style=\"white-space:nowrap\">gownobtain<a name=\"MeasurePopulationSystem-gownobtain\"> </a></td><td>Gowns (single use) - Able to Obtain</td><td/></tr><tr><td style=\"white-space:nowrap\">glovesupply<a name=\"MeasurePopulationSystem-glovesupply\"> </a></td><td>Gloves - On-hand Supply</td><td/></tr><tr><td style=\"white-space:nowrap\">glovereuse<a name=\"MeasurePopulationSystem-glovereuse\"> </a></td><td>Gloves - Reusing or Extending Use</td><td/></tr><tr><td style=\"white-space:nowrap\">gloveobtain<a name=\"MeasurePopulationSystem-gloveobtain\"> </a></td><td>Gloves - Able to Obtain</td><td/></tr><tr><td style=\"white-space:nowrap\">shortenvsvc<a name=\"MeasurePopulationSystem-shortenvsvc\"> </a></td><td>Environmental services - Critical Staffing Shortage Today</td><td/></tr><tr><td style=\"white-space:nowrap\">shortnurse<a name=\"MeasurePopulationSystem-shortnurse\"> </a></td><td>Nurses - Critical Staffing Shortage Today</td><td/></tr><tr><td style=\"white-space:nowrap\">shortrt<a name=\"MeasurePopulationSystem-shortrt\"> </a></td><td>Respiratory therapists - Critical Staffing Shortage Today</td><td/></tr><tr><td style=\"white-space:nowrap\">shortphar<a name=\"MeasurePopulationSystem-shortphar\"> </a></td><td>Pharmacists and pharmacy techs - Critical Staffing Shortage Today</td><td/></tr><tr><td style=\"white-space:nowrap\">shortphys<a name=\"MeasurePopulationSystem-shortphys\"> </a></td><td>Attending physicians, fellows - Critical Staffing Shortage Today</td><td/></tr><tr><td style=\"white-space:nowrap\">shorttemp<a name=\"MeasurePopulationSystem-shorttemp\"> </a></td><td>Temporary physicians, nurses, respiratory therapists, and pharmacists - Critical Staffing Shortage Today</td><td/></tr><tr><td style=\"white-space:nowrap\">shortoth<a name=\"MeasurePopulationSystem-shortoth\"> </a></td><td>Other HCP - Critical Staffing Shortage Today</td><td/></tr><tr><td style=\"white-space:nowrap\">shortothlic<a name=\"MeasurePopulationSystem-shortothlic\"> </a></td><td>Other licensed independent practitioners - Critical Staffing Shortage Today</td><td/></tr><tr><td style=\"white-space:nowrap\">shortothsfy<a name=\"MeasurePopulationSystem-shortothsfy\"> </a></td><td>Other HCP - Specify the groups - Critical Staffing Shortage Today</td><td/></tr><tr><td style=\"white-space:nowrap\">posshortenvsvc<a name=\"MeasurePopulationSystem-posshortenvsvc\"> </a></td><td>Environmental services - Critical Staffing Shortage Within a Week</td><td/></tr><tr><td style=\"white-space:nowrap\">posshortnurse<a name=\"MeasurePopulationSystem-posshortnurse\"> </a></td><td>Nurses - Critical Staffing Shortage Within a Week</td><td/></tr><tr><td style=\"white-space:nowrap\">posshortrt<a name=\"MeasurePopulationSystem-posshortrt\"> </a></td><td>Respiratory therapists - Critical Staffing Shortage Within a Week</td><td/></tr><tr><td style=\"white-space:nowrap\">posshortphar<a name=\"MeasurePopulationSystem-posshortphar\"> </a></td><td>Pharmacists and pharmacy techs - Critical Staffing Shortage Within a Week</td><td/></tr><tr><td style=\"white-space:nowrap\">posshortphys<a name=\"MeasurePopulationSystem-posshortphys\"> </a></td><td>Attending physicians, fellows - Critical Staffing Shortage Within a Week</td><td/></tr><tr><td style=\"white-space:nowrap\">posshorttemp<a name=\"MeasurePopulationSystem-posshorttemp\"> </a></td><td>Temporary physicians, nurses, respiratory therapists, and pharmacists - Critical Staffing Shortage Within a Week</td><td/></tr><tr><td style=\"white-space:nowrap\">posshortoth<a name=\"MeasurePopulationSystem-posshortoth\"> </a></td><td>Other HCP - Critical Staffing Shortage Within a Week</td><td/></tr><tr><td style=\"white-space:nowrap\">posshortothlic<a name=\"MeasurePopulationSystem-posshortothlic\"> </a></td><td>Other licensed independent practitioners - Critical Staffing Shortage Within a Week</td><td/></tr><tr><td style=\"white-space:nowrap\">posshortothsfy<a name=\"MeasurePopulationSystem-posshortothsfy\"> </a></td><td>Other HCP - Specify the groups - Critical Staffing Shortage Within a Week</td><td/></tr><tr><td style=\"white-space:nowrap\">state<a name=\"MeasurePopulationSystem-state\"> </a></td><td/><td/></tr><tr><td style=\"white-space:nowrap\">county<a name=\"MeasurePopulationSystem-county\"> </a></td><td/><td/></tr><tr><td style=\"white-space:nowrap\">facilityId<a name=\"MeasurePopulationSystem-facilityId\"> </a></td><td/><td/></tr><tr><td style=\"white-space:nowrap\">collectionDate<a name=\"MeasurePopulationSystem-collectionDate\"> </a></td><td/><td/></tr><tr><td style=\"white-space:nowrap\">summaryCensusId<a name=\"MeasurePopulationSystem-summaryCensusId\"> </a></td><td/><td/></tr></table></div>"
  },
  "url": "http://hl7.org/fhir/us/saner/CodeSystem/MeasurePopulationSystem",
  "version": "0.1.0",
  "name": "MeasurePopulationSystem",
  "title": "Measure Population System",
  "status": "active",
  "date": "2020-05-15T14:48:47+00:00",
  "publisher": "HL7 International",
  "contact": [
    {
      "name": "HL7 Patient Administration Workgroup",
      "telecom": [
        {
          "system": "url",
          "value": "http://hl7.org/Special/committees/pafm/index.cfm"
        }
      ]
    },
    {
      "name": "Audacious Inquiry",
      "telecom": [
        {
          "system": "url",
          "value": "http://ainq.com"
        }
      ]
    },
    {
      "name": "Keith W. Boone",
      "telecom": [
        {
          "system": "email",
          "value": "mailto:kboone@ainq.com"
        }
      ]
    }
  ],
  "description": "A Code System for Populations defined by The SANER Project",
  "content": "complete",
  "concept": [
    {
      "code": "numTotBeds",
      "display": "All Hospital Beds",
      "definition": "Total number of all Inpatient and outpatient beds, including all staffed,ICU, licensed, and overflow (surge) beds used for inpatients or outpatients"
    },
    {
      "code": "numBeds",
      "display": "Hospital Inpatient Beds",
      "definition": "Inpatient beds, including all staffed, licensed, and overflow (surge) beds used for inpatients"
    },
    {
      "code": "numBedsOcc",
      "display": "Hospital Inpatient Bed Occupancy",
      "definition": "Total number of staffed inpatient beds that are occupied"
    },
    {
      "code": "numICUBeds",
      "display": "ICU Beds",
      "definition": "Total number of staffed inpatient intensive care unit (ICU) beds"
    },
    {
      "code": "numICUBedsOcc",
      "display": "ICU Bed Occupancy",
      "definition": "Total number of staffed inpatient ICU beds that are occupied"
    },
    {
      "code": "numVent",
      "display": "Mechanical Ventilators",
      "definition": "Total number of ventilators available"
    },
    {
      "code": "numVentUse",
      "display": "Mechanical Ventilators in Use",
      "definition": "Total number of ventilators in use"
    },
    {
      "code": "numC19Pats",
      "display": "All COVID-19 Confirmed or Suspected Patients",
      "definition": "Patients with suspected or confirmed COVID-19 in any location."
    },
    {
      "code": "numC19HospPats",
      "display": "Hospitalized COVID-19 Patients",
      "definition": "Patients currently hospitalized in an inpatient care location who have suspected or confirmed COVID-19"
    },
    {
      "code": "numC19OverflowPats",
      "display": "ED/Overflow COVID-19 Patients",
      "definition": "Patients with suspected or confirmed COVID-19 who are in the ED or any overflow location awaiting an inpatient bed"
    },
    {
      "code": "numC19HOPats",
      "display": "Hospital Onset COVID-19 Patients",
      "definition": "Patients hospitalized in an NHSN inpatient care location with onset of suspected or confirmed COVID-19 14 or more days after hospitalization"
    },
    {
      "code": "numC19VentPats",
      "display": "Ventilated COVID-19 Patients",
      "definition": "Patients in any location who have suspected or confirmed COVID-19 and are on a mechanical ventilator"
    },
    {
      "code": "numC19MechVentPats",
      "display": "Hospitalized and Ventilated COVID-19 Patients",
      "definition": "Patients hospitalized in an NHSN inpatient care location who have suspected or confirmed COVID-19 and are on a mechanical ventilator"
    },
    {
      "code": "numC19OFMechVentPats",
      "display": "ED/Overflow and Ventilated COVID-19 Patients",
      "definition": "Patients with suspected or confirmed COVID-19 who are in the ED or any overflow location awaiting an inpatient bed and on a mechanical ventilator"
    },
    {
      "code": "numC19Died",
      "display": "COVID-19 Patient Deaths",
      "definition": "Patients with suspected or confirmed COVID-19 who died in the hospital, ED, or any overflow location"
    },
    {
      "code": "totalOrdersIncrease",
      "display": "New Diagnostic Tests Ordered/Received"
    },
    {
      "code": "totalOrders",
      "display": "Cumulative Diagnostic Tests Ordered/Received"
    },
    {
      "code": "totalTestResultsIncrease",
      "display": "New Tests Resulted"
    },
    {
      "code": "rejected",
      "display": "Cumulative Specimens Rejected"
    },
    {
      "code": "totalTestResults",
      "display": "Cumulative Tests Performed"
    },
    {
      "code": "positiveIncrease",
      "display": "New Positive COVID-19 Tests"
    },
    {
      "code": "positive",
      "display": "Cumulative Positive COVID-19 Tests"
    },
    {
      "code": "allReports",
      "display": "All Laboratory Reports for any Order"
    },
    {
      "code": "latestReports",
      "display": "Most Recent Laboratory Reports for any Order"
    },
    {
      "code": "ventsupply",
      "display": "Ventilator supplies (any, including tubing) - On-hand Supply"
    },
    {
      "code": "ventreuse",
      "display": "Ventilator supplies (any, including tubing) - Reusing or Extending Use"
    },
    {
      "code": "ventobtain",
      "display": "Ventilator supplies (any, including tubing) - Able to Obtain"
    },
    {
      "code": "n95masksupply",
      "display": "N95 masks - On-hand Supply"
    },
    {
      "code": "n95maskreuse",
      "display": "N95 masks - Reusing or Extending Use"
    },
    {
      "code": "n95maskobtain",
      "display": "N95 masks - Able to Obtain"
    },
    {
      "code": "othrespsupply",
      "display": "Other respirators including PAPRs - On-hand Supply"
    },
    {
      "code": "othrespreuse",
      "display": "Other respirators including PAPRs - Reusing or Extending Use"
    },
    {
      "code": "othrespobtain",
      "display": "Other respirators including PAPRs - Able to Obtain"
    },
    {
      "code": "surgmasksupply",
      "display": "Surgical masks - On-hand Supply"
    },
    {
      "code": "surgmaskreuse",
      "display": "Surgical masks - Reusing or Extending Use"
    },
    {
      "code": "surgmaskobtain",
      "display": "Surgical masks - Able to Obtain"
    },
    {
      "code": "shieldsupply",
      "display": "Eye protection including face shields or goggles - On-hand Supply"
    },
    {
      "code": "shieldreuse",
      "display": "Eye protection including face shields or goggles - Reusing or Extending Use"
    },
    {
      "code": "shieldobtain",
      "display": "Eye protection including face shields or goggles - Able to Obtain"
    },
    {
      "code": "gownsupply",
      "display": "Gowns (single use) - On-hand Supply"
    },
    {
      "code": "gownreuse",
      "display": "Gowns (single use) - Reusing or Extending Use"
    },
    {
      "code": "gownobtain",
      "display": "Gowns (single use) - Able to Obtain"
    },
    {
      "code": "glovesupply",
      "display": "Gloves - On-hand Supply"
    },
    {
      "code": "glovereuse",
      "display": "Gloves - Reusing or Extending Use"
    },
    {
      "code": "gloveobtain",
      "display": "Gloves - Able to Obtain"
    },
    {
      "code": "shortenvsvc",
      "display": "Environmental services - Critical Staffing Shortage Today"
    },
    {
      "code": "shortnurse",
      "display": "Nurses - Critical Staffing Shortage Today"
    },
    {
      "code": "shortrt",
      "display": "Respiratory therapists - Critical Staffing Shortage Today"
    },
    {
      "code": "shortphar",
      "display": "Pharmacists and pharmacy techs - Critical Staffing Shortage Today"
    },
    {
      "code": "shortphys",
      "display": "Attending physicians, fellows - Critical Staffing Shortage Today"
    },
    {
      "code": "shorttemp",
      "display": "Temporary physicians, nurses, respiratory therapists, and pharmacists - Critical Staffing Shortage Today"
    },
    {
      "code": "shortoth",
      "display": "Other HCP - Critical Staffing Shortage Today"
    },
    {
      "code": "shortothlic",
      "display": "Other licensed independent practitioners - Critical Staffing Shortage Today"
    },
    {
      "code": "shortothsfy",
      "display": "Other HCP - Specify the groups - Critical Staffing Shortage Today"
    },
    {
      "code": "posshortenvsvc",
      "display": "Environmental services - Critical Staffing Shortage Within a Week"
    },
    {
      "code": "posshortnurse",
      "display": "Nurses - Critical Staffing Shortage Within a Week"
    },
    {
      "code": "posshortrt",
      "display": "Respiratory therapists - Critical Staffing Shortage Within a Week"
    },
    {
      "code": "posshortphar",
      "display": "Pharmacists and pharmacy techs - Critical Staffing Shortage Within a Week"
    },
    {
      "code": "posshortphys",
      "display": "Attending physicians, fellows - Critical Staffing Shortage Within a Week"
    },
    {
      "code": "posshorttemp",
      "display": "Temporary physicians, nurses, respiratory therapists, and pharmacists - Critical Staffing Shortage Within a Week"
    },
    {
      "code": "posshortoth",
      "display": "Other HCP - Critical Staffing Shortage Within a Week"
    },
    {
      "code": "posshortothlic",
      "display": "Other licensed independent practitioners - Critical Staffing Shortage Within a Week"
    },
    {
      "code": "posshortothsfy",
      "display": "Other HCP - Specify the groups - Critical Staffing Shortage Within a Week"
    },
    {
      "code": "state"
    },
    {
      "code": "county"
    },
    {
      "code": "facilityId"
    },
    {
      "code": "collectionDate"
    },
    {
      "code": "summaryCensusId"
    }
  ]
}