{
  "resourceType": "MeasureReport",
  "id": "ExampleNJ-20200412-CDCPatientImpactAndHospitalCapacity",
  "meta": {
    "profile": [
      "http://hl7.org/fhir/us/saner/StructureDefinition/PublicHealthMeasureReport"
    ]
  },
  "text": {
    "status": "generated",
    "div": "<div xmlns=\"http://www.w3.org/1999/xhtml\"><p><b>Generated Narrative with Details</b></p><p><b>id</b>: ExampleNJ-20200412-CDCPatientImpactAndHospitalCapacity</p><p><b>meta</b>: </p><p><b>identifier</b>: urn:uuid:f87d88b8-876e-11ea-1639-09173f13e4c5</p><p><b>status</b>: complete</p><p><b>type</b>: summary</p><p><b>measure</b>: <a href=\"http://hl7.org/fhir/us/saner/Measure/CDCPatientImpactAndHospitalCapacity\">http://hl7.org/fhir/us/saner/Measure/CDCPatientImpactAndHospitalCapacity</a></p><p><b>subject</b>: <a href=\"Location-states-NJ.html\">State of New Jersey. Generated Summary: id: states-NJ; 34</a></p><p><b>date</b>: Apr 12, 2020, 12:00:00 AM</p><p><b>reporter</b>: <a href=\"Organization-NJ-DPH.html\">New Jersey Department of Public Health. Generated Summary: id: NJ-DPH; name: New Jersey Department of Public Health</a></p><p><b>period</b>: Apr 12, 2020, 12:00:00 AM --&gt; Apr 12, 2020, 12:00:00 AM</p><blockquote><p><b>group</b></p><p><b>code</b>: Beds <span style=\"background: LightGoldenRodYellow\">(Details : {http://hl7.org/fhir/us/saner/CodeSystem/MeasureGroupSystem code 'Beds' = 'Beds)</span></p><blockquote><p><b>population</b></p><p><b>code</b>: All Hospital Beds <span style=\"background: LightGoldenRodYellow\">(Details : {http://hl7.org/fhir/us/saner/CodeSystem/MeasurePopulationSystem code 'numTotBeds' = 'All Hospital Beds; {http://terminology.hl7.org/CodeSystem/measure-population code 'initial-population' = 'Initial Population)</span></p><p><b>count</b>: 20000</p></blockquote><blockquote><p><b>population</b></p><p><b>code</b>: Hospital Inpatient Beds <span style=\"background: LightGoldenRodYellow\">(Details : {http://hl7.org/fhir/us/saner/CodeSystem/MeasurePopulationSystem code 'numBeds' = 'Hospital Inpatient Beds; {http://terminology.hl7.org/CodeSystem/measure-population code 'measure-population' = 'Measure Population)</span></p><p><b>count</b>: 15000</p></blockquote><blockquote><p><b>population</b></p><p><b>code</b>: Hospital Inpatient Bed Occupancy <span style=\"background: LightGoldenRodYellow\">(Details : {http://hl7.org/fhir/us/saner/CodeSystem/MeasurePopulationSystem code 'numBedsOcc' = 'Hospital Inpatient Bed Occupancy; {http://terminology.hl7.org/CodeSystem/measure-population code 'measure-population' = 'Measure Population)</span></p><p><b>count</b>: </p></blockquote></blockquote><p><b style=\"color: maroon\">Exception generating Narrative: null</b></p></div>"
  },
  "identifier": [
    {
      "system": "urn:ietf:rfc:3986",
      "value": "urn:uuid:f87d88b8-876e-11ea-1639-09173f13e4c5"
    }
  ],
  "status": "complete",
  "type": "summary",
  "measure": "http://hl7.org/fhir/us/saner/Measure/CDCPatientImpactAndHospitalCapacity",
  "subject": {
    "extension": [
      {
        "extension": [
          {
            "url": "latitude",
            "valueDecimal": 40.1907
          },
          {
            "url": "longitude",
            "valueDecimal": 74.6728
          }
        ],
        "url": "http://hl7.org/fhir/us/saner/StructureDefinition/GeoLocation"
      }
    ],
    "reference": "Location/states-NJ",
    "identifier": {
      "system": "https://www.census.gov/geographies",
      "value": "34"
    },
    "display": "State of New Jersey"
  },
  "date": "2020-04-12",
  "reporter": {
    "reference": "Organization/NJ-DPH",
    "display": "New Jersey Department of Public Health"
  },
  "period": {
    "start": "2020-04-12",
    "end": "2020-04-12"
  },
  "group": [
    {
      "code": {
        "coding": [
          {
            "system": "http://hl7.org/fhir/us/saner/CodeSystem/MeasureGroupSystem",
            "code": "Beds"
          }
        ]
      },
      "population": [
        {
          "code": {
            "coding": [
              {
                "system": "http://hl7.org/fhir/us/saner/CodeSystem/MeasurePopulationSystem",
                "code": "numTotBeds"
              },
              {
                "system": "http://terminology.hl7.org/CodeSystem/measure-population",
                "code": "initial-population"
              }
            ]
          },
          "count": 20000
        },
        {
          "code": {
            "coding": [
              {
                "system": "http://hl7.org/fhir/us/saner/CodeSystem/MeasurePopulationSystem",
                "code": "numBeds"
              },
              {
                "system": "http://terminology.hl7.org/CodeSystem/measure-population",
                "code": "measure-population"
              }
            ]
          },
          "count": 15000
        },
        {
          "code": {
            "coding": [
              {
                "system": "http://hl7.org/fhir/us/saner/CodeSystem/MeasurePopulationSystem",
                "code": "numBedsOcc"
              },
              {
                "system": "http://terminology.hl7.org/CodeSystem/measure-population",
                "code": "measure-population"
              }
            ]
          },
          "_count": {
            "extension": [
              {
                "url": "http://hl7.org/fhir/StructureDefinition/data-absent-reason",
                "valueCode": "unsupported"
              }
            ]
          }
        },
        {
          "code": {
            "coding": [
              {
                "system": "http://hl7.org/fhir/us/saner/CodeSystem/MeasurePopulationSystem",
                "code": "numICUBeds"
              },
              {
                "system": "http://terminology.hl7.org/CodeSystem/measure-population",
                "code": "measure-population"
              }
            ]
          },
          "count": 2500
        },
        {
          "code": {
            "coding": [
              {
                "system": "http://hl7.org/fhir/us/saner/CodeSystem/MeasurePopulationSystem",
                "code": "numICUBedsOcc"
              },
              {
                "system": "http://terminology.hl7.org/CodeSystem/measure-population",
                "code": "measure-population"
              }
            ]
          },
          "_count": {
            "extension": [
              {
                "url": "http://hl7.org/fhir/StructureDefinition/data-absent-reason",
                "valueCode": "unsupported"
              }
            ]
          }
        }
      ]
    },
    {
      "code": {
        "coding": [
          {
            "system": "http://hl7.org/fhir/us/saner/CodeSystem/MeasureGroupSystem",
            "code": "Ventilators"
          }
        ]
      },
      "population": [
        {
          "code": {
            "coding": [
              {
                "system": "http://hl7.org/fhir/us/saner/CodeSystem/MeasurePopulationSystem",
                "code": "numVent"
              },
              {
                "system": "http://terminology.hl7.org/CodeSystem/measure-population",
                "code": "initial-population"
              }
            ]
          },
          "count": 2250
        },
        {
          "code": {
            "coding": [
              {
                "system": "http://hl7.org/fhir/us/saner/CodeSystem/MeasurePopulationSystem",
                "code": "numVentUse"
              },
              {
                "system": "http://terminology.hl7.org/CodeSystem/measure-population",
                "code": "measure-population"
              }
            ]
          },
          "count": 1957
        }
      ]
    },
    {
      "code": {
        "coding": [
          {
            "system": "http://hl7.org/fhir/us/saner/CodeSystem/MeasureGroupSystem",
            "code": "Encounters"
          }
        ]
      },
      "population": [
        {
          "code": {
            "coding": [
              {
                "system": "http://hl7.org/fhir/us/saner/CodeSystem/MeasurePopulationSystem",
                "code": "numC19HospPats"
              },
              {
                "system": "http://terminology.hl7.org/CodeSystem/measure-population",
                "code": "measure-population"
              }
            ]
          },
          "count": 7604
        },
        {
          "code": {
            "coding": [
              {
                "system": "http://hl7.org/fhir/us/saner/CodeSystem/MeasurePopulationSystem",
                "code": "numC19MechVentPats"
              },
              {
                "system": "http://terminology.hl7.org/CodeSystem/measure-population",
                "code": "measure-population"
              }
            ]
          },
          "count": 1644
        },
        {
          "code": {
            "coding": [
              {
                "system": "http://hl7.org/fhir/us/saner/CodeSystem/MeasurePopulationSystem",
                "code": "numC19HOPats"
              },
              {
                "system": "http://terminology.hl7.org/CodeSystem/measure-population",
                "code": "measure-population"
              }
            ]
          },
          "_count": {
            "extension": [
              {
                "url": "http://hl7.org/fhir/StructureDefinition/data-absent-reason",
                "valueCode": "unsupported"
              }
            ]
          }
        },
        {
          "code": {
            "coding": [
              {
                "system": "http://hl7.org/fhir/us/saner/CodeSystem/MeasurePopulationSystem",
                "code": "numC19OverflowPats"
              },
              {
                "system": "http://terminology.hl7.org/CodeSystem/measure-population",
                "code": "measure-population"
              }
            ]
          },
          "_count": {
            "extension": [
              {
                "url": "http://hl7.org/fhir/StructureDefinition/data-absent-reason",
                "valueCode": "unsupported"
              }
            ]
          }
        },
        {
          "code": {
            "coding": [
              {
                "system": "http://hl7.org/fhir/us/saner/CodeSystem/MeasurePopulationSystem",
                "code": "numC19OFMechVentPats"
              },
              {
                "system": "http://terminology.hl7.org/CodeSystem/measure-population",
                "code": "measure-population"
              }
            ]
          },
          "_count": {
            "extension": [
              {
                "url": "http://hl7.org/fhir/StructureDefinition/data-absent-reason",
                "valueCode": "unsupported"
              }
            ]
          }
        },
        {
          "code": {
            "coding": [
              {
                "system": "http://hl7.org/fhir/us/saner/CodeSystem/MeasurePopulationSystem",
                "code": "numC19Died"
              },
              {
                "system": "http://terminology.hl7.org/CodeSystem/measure-population",
                "code": "measure-population"
              }
            ]
          },
          "_count": {
            "extension": [
              {
                "url": "http://hl7.org/fhir/StructureDefinition/data-absent-reason",
                "valueCode": "unsupported"
              }
            ]
          }
        }
      ]
    }
  ]
}