{
  "resourceType": "MeasureReport",
  "id": "FHIR-474",
  "meta": {
    "profile": [
      "http://hl7.org/fhir/StructureDefinition/MeasureReport"
    ],
    "security": [
      {
        "system": "http://terminology.hl7.org/CodeSystem/v3-ActReason",
        "code": "HTEST",
        "display": "test health data"
      }
    ]
  },
  "text": {
    "status": "generated",
    "div": "<div xmlns=\"http://www.w3.org/1999/xhtml\"><p><b>Generated Narrative with Details</b></p><p><b>id</b>: FHIR-474</p><p><b>meta</b>: </p><p><b>status</b>: complete</p><p><b>type</b>: summary</p><p><b>measure</b>: <a href=\"http://hl7.org/fhir/us/saner/Measure/CDCPatientImpactAndHospitalCapacity\">http://hl7.org/fhir/us/saner/Measure/CDCPatientImpactAndHospitalCapacity</a></p><p><b>subject</b>: <a href=\"Location-Loc-X140114.html\">WALTON HOSPITAL Building. Generated Summary: id: Loc-X140114; status: active; name: WALTON HOSPITAL Building; mode: instance; <span title=\"Codes: {http://terminology.hl7.org/CodeSystem/v3-RoleCode HOSP}\">Hospital</span>; <span title=\"Codes: {http://terminology.hl7.org/CodeSystem/location-physical-type si}\">Site</span></a></p><p><b>date</b>: May 12, 2020, 5:00:00 AM</p><p><b>reporter</b>: <a href=\"Organization-X140114.html\">WALTON HOSPITAL. Generated Summary: id: X140114; X140114; active; <span title=\"Codes: {http://terminology.hl7.org/CodeSystem/organization-type prov}\">Healthcare Provider</span>; name: WALTON HOSPITAL</a></p><p><b>period</b>: May 12, 2020, 12:00:00 AM --&gt; May 12, 2020, 12:00:00 AM</p><blockquote><p><b>group</b></p><p><b>code</b>: Hospital Bed Reporting <span style=\"background: LightGoldenRodYellow\">(Details : {http://hl7.org/fhir/us/saner/CodeSystem/MeasureGroupSystem code 'Beds' = 'Beds', given as 'Beds'})</span></p><blockquote><p><b>population</b></p><p><b>code</b>: Total number of all Inpatient and outpatient beds, including all staffed, ICU, licensed, and overflow(surge) beds used for inpatients or outpatients. <span style=\"background: LightGoldenRodYellow\">(Details : {http://hl7.org/fhir/us/saner/CodeSystem/MeasurePopulationSystem code 'numTotBeds' = 'All Hospital Beds', given as 'All Hospital Beds'}; {http://terminology.hl7.org/CodeSystem/measure-population code 'initial-population' = 'Initial Population', given as 'Initial Population'})</span></p><p><b>count</b>: 664</p></blockquote><blockquote><p><b>population</b></p><p><b>code</b>: Inpatient beds, including all staffed, licensed, and overflow(surge) beds used for inpatients. <span style=\"background: LightGoldenRodYellow\">(Details : {http://hl7.org/fhir/us/saner/CodeSystem/MeasurePopulationSystem code 'numBeds' = 'Hospital Inpatient Beds', given as 'Hospital Inpatient Beds'})</span></p><p><b>count</b>: 557</p></blockquote><blockquote><p><b>population</b></p><p><b>code</b>: Total number of staffed inpatient beds that are occupied. <span style=\"background: LightGoldenRodYellow\">(Details : {http://hl7.org/fhir/us/saner/CodeSystem/MeasurePopulationSystem code 'numBedsOcc' = 'Hospital Inpatient Bed Occupancy', given as 'Hospital Inpatient Bed Occupancy'})</span></p><p><b>count</b>: 127</p></blockquote><blockquote><p><b>population</b></p><p><b>code</b>: Total number of staffed inpatient intensive care unit (ICU) beds. <span style=\"background: LightGoldenRodYellow\">(Details : {http://hl7.org/fhir/us/saner/CodeSystem/MeasurePopulationSystem code 'numICUBeds' = 'ICU Beds', given as 'ICU Beds'})</span></p><p><b>count</b>: 107</p></blockquote><blockquote><p><b>population</b></p><p><b>code</b>: Total number of staffed inpatient ICU beds that are occupied. <span style=\"background: LightGoldenRodYellow\">(Details : {http://hl7.org/fhir/us/saner/CodeSystem/MeasurePopulationSystem code 'numICUBedsOcc' = 'ICU Bed Occupancy', given as 'ICU Bed Occupancy'})</span></p><p><b>count</b>: 18</p></blockquote></blockquote><blockquote><p><b>group</b></p><p><b>code</b>: Hospital Ventilator Reporting <span style=\"background: LightGoldenRodYellow\">(Details : {http://hl7.org/fhir/us/saner/CodeSystem/MeasureGroupSystem code 'Ventilators' = 'Ventilators', given as 'Ventilators'})</span></p><blockquote><p><b>population</b></p><p><b>code</b>: Total number of ventilators available. <span style=\"background: LightGoldenRodYellow\">(Details : {http://hl7.org/fhir/us/saner/CodeSystem/MeasurePopulationSystem code 'numVent' = 'Mechanical Ventilators', given as 'Mechanical Ventilators'}; {http://terminology.hl7.org/CodeSystem/measure-population code 'initial-population' = 'Initial Population', given as 'Initial Population'})</span></p><p><b>count</b>: 21</p></blockquote><blockquote><p><b>population</b></p><p><b>code</b>: Total number of ventilators in use. <span style=\"background: LightGoldenRodYellow\">(Details : {http://hl7.org/fhir/us/saner/CodeSystem/MeasurePopulationSystem code 'numVentUse' = 'Mechanical Ventilators in Use', given as 'Mechanical Ventilators in Use'})</span></p><p><b>count</b>: 21</p></blockquote></blockquote><blockquote><p><b>group</b></p><p><b>code</b>: Hospital COVID-19 Encounters Reporting <span style=\"background: LightGoldenRodYellow\">(Details : {http://hl7.org/fhir/us/saner/CodeSystem/MeasureGroupSystem code 'Encounters' = 'Encounters', given as 'Encounters'})</span></p><blockquote><p><b>population</b></p><p><b>code</b>: Patients currently hospitalized in an inpatient care location who have suspected or confirmed COVID-19. <span style=\"background: LightGoldenRodYellow\">(Details : {http://hl7.org/fhir/us/saner/CodeSystem/MeasurePopulationSystem code 'numC19HospPats' = 'Hospitalized COVID-19 Patients', given as 'Hospitalized COVID-19 Patients'})</span></p><p><b>count</b>: 61</p></blockquote><blockquote><p><b>population</b></p><p><b>code</b>: Patients hospitalized in an NHSN inpatient care location who have suspected or confirmed COVID-19 and are on a mechanical ventilator. <span style=\"background: LightGoldenRodYellow\">(Details : {http://hl7.org/fhir/us/saner/CodeSystem/MeasurePopulationSystem code 'numC19MechVentPats' = 'Hospitalized and Ventilated COVID-19 Patients', given as 'Hospitalized and Ventilated COVID-19 Patients'})</span></p><p><b>count</b>: 21</p></blockquote><blockquote><p><b>population</b></p><p><b>code</b>: Patients hospitalized in an NHSN inpatient care location with onset of suspected or confirmed COVID - 19 14 or more days after hospitalization. <span style=\"background: LightGoldenRodYellow\">(Details : {http://hl7.org/fhir/us/saner/CodeSystem/MeasurePopulationSystem code 'numC19HOPats' = 'Hospital Onset COVID-19 Patients', given as 'Hospital Onset COVID-19 Patients'})</span></p><p><b>count</b>: 0</p></blockquote><blockquote><p><b>population</b></p><p><b>code</b>: Patients with suspected or confirmed COVID-19 who are in the ED or any overflow location awaiting an inpatient bed. <span style=\"background: LightGoldenRodYellow\">(Details : {http://hl7.org/fhir/us/saner/CodeSystem/MeasurePopulationSystem code 'numC19OverflowPats' = 'ED/Overflow COVID-19 Patients', given as 'ED/Overflow COVID-19 Patients'})</span></p><p><b>count</b>: 0</p></blockquote><blockquote><p><b>population</b></p><p><b>code</b>: Patients with suspected or confirmed COVID - 19 who are in the ED or any overflow location awaiting an inpatient bed and on a mechanical ventilator. <span style=\"background: LightGoldenRodYellow\">(Details : {http://hl7.org/fhir/us/saner/CodeSystem/MeasurePopulationSystem code 'numC19OFMechVentPats' = 'ED/Overflow and Ventilated COVID-19 Patients', given as 'ED/Overflow and Ventilated COVID-19 Patients'})</span></p><p><b>count</b>: 21</p></blockquote><blockquote><p><b>population</b></p><p><b>code</b>: Patients with suspected or confirmed COVID-19 who died in the hospital, ED, or any overflow location. <span style=\"background: LightGoldenRodYellow\">(Details : {http://hl7.org/fhir/us/saner/CodeSystem/MeasurePopulationSystem code 'numC19Died' = 'COVID-19 Patient Deaths', given as 'COVID-19 Patient Deaths'})</span></p><p><b>count</b>: 14</p></blockquote></blockquote></div>"
  },
  "status": "complete",
  "type": "summary",
  "measure": "http://hl7.org/fhir/us/saner/Measure/CDCPatientImpactAndHospitalCapacity",
  "subject": {
    "reference": "Location/Loc-X140114",
    "identifier": {
      "system": "http://build.fhir.org/ig/AudaciousInquiry/saner-ig/connectathon/locations",
      "value": "X140114"
    },
    "display": "WALTON HOSPITAL Building"
  },
  "date": "2020-05-12T00:00:00-05:00",
  "reporter": {
    "reference": "Organization/X140114",
    "display": "WALTON HOSPITAL"
  },
  "period": {
    "start": "2020-05-12",
    "end": "2020-05-12"
  },
  "group": [
    {
      "code": {
        "coding": [
          {
            "system": "http://hl7.org/fhir/us/saner/CodeSystem/MeasureGroupSystem",
            "code": "Beds",
            "display": "Beds"
          }
        ],
        "text": "Hospital Bed Reporting"
      },
      "population": [
        {
          "code": {
            "coding": [
              {
                "system": "http://hl7.org/fhir/us/saner/CodeSystem/MeasurePopulationSystem",
                "code": "numTotBeds",
                "display": "All Hospital Beds"
              },
              {
                "system": "http://terminology.hl7.org/CodeSystem/measure-population",
                "code": "initial-population",
                "display": "Initial Population"
              }
            ],
            "text": "Total number of all Inpatient and outpatient beds, including all staffed, ICU, licensed, and overflow(surge) beds used for inpatients or outpatients."
          },
          "count": 664
        },
        {
          "code": {
            "coding": [
              {
                "system": "http://hl7.org/fhir/us/saner/CodeSystem/MeasurePopulationSystem",
                "code": "numBeds",
                "display": "Hospital Inpatient Beds"
              }
            ],
            "text": "Inpatient beds, including all staffed, licensed, and overflow(surge) beds used for inpatients."
          },
          "count": 557
        },
        {
          "code": {
            "coding": [
              {
                "system": "http://hl7.org/fhir/us/saner/CodeSystem/MeasurePopulationSystem",
                "code": "numBedsOcc",
                "display": "Hospital Inpatient Bed Occupancy"
              }
            ],
            "text": "Total number of staffed inpatient beds that are occupied."
          },
          "count": 127
        },
        {
          "code": {
            "coding": [
              {
                "system": "http://hl7.org/fhir/us/saner/CodeSystem/MeasurePopulationSystem",
                "code": "numICUBeds",
                "display": "ICU Beds"
              }
            ],
            "text": "Total number of staffed inpatient intensive care unit (ICU) beds."
          },
          "count": 107
        },
        {
          "code": {
            "coding": [
              {
                "system": "http://hl7.org/fhir/us/saner/CodeSystem/MeasurePopulationSystem",
                "code": "numICUBedsOcc",
                "display": "ICU Bed Occupancy"
              }
            ],
            "text": "Total number of staffed inpatient ICU beds that are occupied."
          },
          "count": 18
        }
      ]
    },
    {
      "code": {
        "coding": [
          {
            "system": "http://hl7.org/fhir/us/saner/CodeSystem/MeasureGroupSystem",
            "code": "Ventilators",
            "display": "Ventilators"
          }
        ],
        "text": "Hospital Ventilator Reporting"
      },
      "population": [
        {
          "code": {
            "coding": [
              {
                "system": "http://hl7.org/fhir/us/saner/CodeSystem/MeasurePopulationSystem",
                "code": "numVent",
                "display": "Mechanical Ventilators"
              },
              {
                "system": "http://terminology.hl7.org/CodeSystem/measure-population",
                "code": "initial-population",
                "display": "Initial Population"
              }
            ],
            "text": "Total number of ventilators available."
          },
          "count": 21
        },
        {
          "code": {
            "coding": [
              {
                "system": "http://hl7.org/fhir/us/saner/CodeSystem/MeasurePopulationSystem",
                "code": "numVentUse",
                "display": "Mechanical Ventilators in Use"
              }
            ],
            "text": "Total number of ventilators in use."
          },
          "count": 21
        }
      ]
    },
    {
      "code": {
        "coding": [
          {
            "system": "http://hl7.org/fhir/us/saner/CodeSystem/MeasureGroupSystem",
            "code": "Encounters",
            "display": "Encounters"
          }
        ],
        "text": "Hospital COVID-19 Encounters Reporting"
      },
      "population": [
        {
          "code": {
            "coding": [
              {
                "system": "http://hl7.org/fhir/us/saner/CodeSystem/MeasurePopulationSystem",
                "code": "numC19HospPats",
                "display": "Hospitalized COVID-19 Patients"
              }
            ],
            "text": "Patients currently hospitalized in an inpatient care location who have suspected or confirmed COVID-19."
          },
          "count": 61
        },
        {
          "code": {
            "coding": [
              {
                "system": "http://hl7.org/fhir/us/saner/CodeSystem/MeasurePopulationSystem",
                "code": "numC19MechVentPats",
                "display": "Hospitalized and Ventilated COVID-19 Patients"
              }
            ],
            "text": "Patients hospitalized in an NHSN inpatient care location who have suspected or confirmed COVID-19 and are on a mechanical ventilator."
          },
          "count": 21
        },
        {
          "code": {
            "coding": [
              {
                "system": "http://hl7.org/fhir/us/saner/CodeSystem/MeasurePopulationSystem",
                "code": "numC19HOPats",
                "display": "Hospital Onset COVID-19 Patients"
              }
            ],
            "text": "Patients hospitalized in an NHSN inpatient care location with onset of suspected or confirmed COVID - 19 14 or more days after hospitalization."
          },
          "count": 0
        },
        {
          "code": {
            "coding": [
              {
                "system": "http://hl7.org/fhir/us/saner/CodeSystem/MeasurePopulationSystem",
                "code": "numC19OverflowPats",
                "display": "ED/Overflow COVID-19 Patients"
              }
            ],
            "text": "Patients with suspected or confirmed COVID-19 who are in the ED or any overflow location awaiting an inpatient bed."
          },
          "count": 0
        },
        {
          "code": {
            "coding": [
              {
                "system": "http://hl7.org/fhir/us/saner/CodeSystem/MeasurePopulationSystem",
                "code": "numC19OFMechVentPats",
                "display": "ED/Overflow and Ventilated COVID-19 Patients"
              }
            ],
            "text": "Patients with suspected or confirmed COVID - 19 who are in the ED or any overflow location awaiting an inpatient bed and on a mechanical ventilator."
          },
          "count": 21
        },
        {
          "code": {
            "coding": [
              {
                "system": "http://hl7.org/fhir/us/saner/CodeSystem/MeasurePopulationSystem",
                "code": "numC19Died",
                "display": "COVID-19 Patient Deaths"
              }
            ],
            "text": "Patients with suspected or confirmed COVID-19 who died in the hospital, ED, or any overflow location."
          },
          "count": 14
        }
      ]
    }
  ]
}