{
  "resourceType": "MeasureReport",
  "id": "ExampleNJ-20200415-FEMADailyHospitalCOVID19Reporting",
  "meta": {
    "profile": [
      "http://hl7.org/fhir/us/saner/StructureDefinition/PublicHealthMeasureReport"
    ]
  },
  "text": {
    "status": "generated",
    "div": "<div xmlns=\"http://www.w3.org/1999/xhtml\"><p><b>Generated Narrative with Details</b></p><p><b>id</b>: ExampleNJ-20200415-FEMADailyHospitalCOVID19Reporting</p><p><b>meta</b>: </p><p><b>identifier</b>: urn:uuid:375c3a3f-9219-11ea-1863-09173f13e4c5</p><p><b>status</b>: complete</p><p><b>type</b>: summary</p><p><b>measure</b>: <a href=\"http://hl7.org/fhir/us/saner/Measure/FEMADailyHospitalCOVID19Reporting\">http://hl7.org/fhir/us/saner/Measure/FEMADailyHospitalCOVID19Reporting</a></p><p><b>subject</b>: <a href=\"Location-states-NJ.html\">State of New Jersey. Generated Summary: id: states-NJ; 34</a></p><p><b>date</b>: Apr 15, 2020, 12:00:00 AM</p><p><b>reporter</b>: <a href=\"Organization-NJ-DPH.html\">New Jersey Department of Public Health. Generated Summary: id: NJ-DPH; name: New Jersey Department of Public Health</a></p><p><b>period</b>: Apr 15, 2020, 12:00:00 AM --&gt; Apr 15, 2020, 12:00:00 AM</p><blockquote><p><b>group</b></p><p><b>code</b>: Percent Positive among Newly Resulted Tests <span style=\"background: LightGoldenRodYellow\">(Details : {http://hl7.org/fhir/us/saner/CodeSystem/MeasureGroupSystem code 'positiveIncreasePercent' = 'Percent Positive among Newly Resulted Tests)</span></p><blockquote><p><b>population</b></p><p><b>code</b>: New Diagnostic Tests Ordered/Received <span style=\"background: LightGoldenRodYellow\">(Details : {http://hl7.org/fhir/us/saner/CodeSystem/MeasurePopulationSystem code 'totalOrdersIncrease' = 'New Diagnostic Tests Ordered/Received; {http://terminology.hl7.org/CodeSystem/measure-population code 'initial-population' = 'Initial Population)</span></p><p><b>count</b>: </p></blockquote></blockquote><p><b style=\"color: maroon\">Exception generating Narrative: null</b></p></div>"
  },
  "identifier": [
    {
      "system": "urn:ietf:rfc:3986",
      "value": "urn:uuid:375c3a3f-9219-11ea-1863-09173f13e4c5"
    }
  ],
  "status": "complete",
  "type": "summary",
  "measure": "http://hl7.org/fhir/us/saner/Measure/FEMADailyHospitalCOVID19Reporting",
  "subject": {
    "extension": [
      {
        "extension": [
          {
            "url": "latitude",
            "valueDecimal": 40.1907
          },
          {
            "url": "longitude",
            "valueDecimal": 74.6728
          }
        ],
        "url": "http://hl7.org/fhir/us/saner/StructureDefinition/GeoLocation"
      }
    ],
    "reference": "Location/states-NJ",
    "identifier": {
      "system": "https://www.census.gov/geographies",
      "value": "34"
    },
    "display": "State of New Jersey"
  },
  "date": "2020-04-15",
  "reporter": {
    "reference": "Organization/NJ-DPH",
    "display": "New Jersey Department of Public Health"
  },
  "period": {
    "start": "2020-04-15",
    "end": "2020-04-15"
  },
  "group": [
    {
      "code": {
        "coding": [
          {
            "system": "http://hl7.org/fhir/us/saner/CodeSystem/MeasureGroupSystem",
            "code": "positiveIncreasePercent"
          }
        ]
      },
      "population": [
        {
          "code": {
            "coding": [
              {
                "system": "http://hl7.org/fhir/us/saner/CodeSystem/MeasurePopulationSystem",
                "code": "totalOrdersIncrease"
              },
              {
                "system": "http://terminology.hl7.org/CodeSystem/measure-population",
                "code": "initial-population"
              }
            ]
          },
          "_count": {
            "extension": [
              {
                "url": "http://hl7.org/fhir/StructureDefinition/data-absent-reason",
                "valueCode": "unsupported"
              }
            ]
          }
        },
        {
          "code": {
            "coding": [
              {
                "system": "http://hl7.org/fhir/us/saner/CodeSystem/MeasurePopulationSystem",
                "code": "totalTestResultsIncrease"
              },
              {
                "system": "http://terminology.hl7.org/CodeSystem/measure-population",
                "code": "denominator"
              }
            ]
          },
          "count": 4247
        },
        {
          "code": {
            "coding": [
              {
                "system": "http://hl7.org/fhir/us/saner/CodeSystem/MeasurePopulationSystem",
                "code": "positiveIncrease"
              },
              {
                "system": "http://terminology.hl7.org/CodeSystem/measure-population",
                "code": "numerator"
              }
            ]
          },
          "count": 2206
        }
      ],
      "measureScore": {
        "value": 51.94,
        "unit": "%",
        "system": "http://unitsofmeasure.org",
        "code": "%"
      }
    },
    {
      "code": {
        "coding": [
          {
            "system": "http://hl7.org/fhir/us/saner/CodeSystem/MeasureGroupSystem",
            "code": "positivePercent"
          }
        ]
      },
      "population": [
        {
          "code": {
            "coding": [
              {
                "system": "http://hl7.org/fhir/us/saner/CodeSystem/MeasurePopulationSystem",
                "code": "totalOrders"
              },
              {
                "system": "http://terminology.hl7.org/CodeSystem/measure-population",
                "code": "initial-population"
              }
            ]
          },
          "_count": {
            "extension": [
              {
                "url": "http://hl7.org/fhir/StructureDefinition/data-absent-reason",
                "valueCode": "unsupported"
              }
            ]
          }
        },
        {
          "code": {
            "coding": [
              {
                "system": "http://hl7.org/fhir/us/saner/CodeSystem/MeasurePopulationSystem",
                "code": "rejected"
              },
              {
                "system": "http://terminology.hl7.org/CodeSystem/measure-population",
                "code": "denominator-exclusion"
              }
            ]
          },
          "_count": {
            "extension": [
              {
                "url": "http://hl7.org/fhir/StructureDefinition/data-absent-reason",
                "valueCode": "unsupported"
              }
            ]
          }
        },
        {
          "code": {
            "coding": [
              {
                "system": "http://hl7.org/fhir/us/saner/CodeSystem/MeasurePopulationSystem",
                "code": "totalTestResults"
              },
              {
                "system": "http://terminology.hl7.org/CodeSystem/measure-population",
                "code": "denominator"
              }
            ]
          },
          "count": 144021
        },
        {
          "code": {
            "coding": [
              {
                "system": "http://hl7.org/fhir/us/saner/CodeSystem/MeasurePopulationSystem",
                "code": "positive"
              },
              {
                "system": "http://terminology.hl7.org/CodeSystem/measure-population",
                "code": "numerator"
              }
            ]
          },
          "count": 71030
        }
      ],
      "measureScore": {
        "value": 49.32,
        "unit": "%",
        "system": "http://unitsofmeasure.org",
        "code": "%"
      }
    }
  ]
}