{
  "resourceType": "Organization",
  "id": "X410004",
  "meta": {
    "security": [
      {
        "system": "http://terminology.hl7.org/CodeSystem/v3-ActReason",
        "code": "HTEST",
        "display": "test health data"
      }
    ]
  },
  "text": {
    "status": "generated",
    "div": "<div xmlns=\"http://www.w3.org/1999/xhtml\"><p><b>Generated Narrative with Details</b></p><p><b>id</b>: X410004</p><p><b>meta</b>: </p><p><b>identifier</b>: X410004</p><p><b>active</b>: true</p><p><b>type</b>: Healthcare Provider <span style=\"background: LightGoldenRodYellow\">(Details : {http://terminology.hl7.org/CodeSystem/organization-type code 'prov' = 'Healthcare Provider)</span></p><p><b>name</b>: CHARLES D WARD MEMORIAL HOSPITAL</p><p><b>address</b>: 825 CHALKSTONE AVE PROVIDENCE RI 02908 USA (WORK)</p></div>"
  },
  "identifier": [
    {
      "system": "http://build.fhir.org/ig/AudaciousInquiry/saner-ig/connectathon/hospitals",
      "value": "X410004"
    }
  ],
  "active": true,
  "type": [
    {
      "coding": [
        {
          "system": "http://terminology.hl7.org/CodeSystem/organization-type",
          "code": "prov"
        }
      ]
    }
  ],
  "name": "CHARLES D WARD MEMORIAL HOSPITAL",
  "address": [
    {
      "extension": [
        {
          "extension": [
            {
              "url": "latitude",
              "valueDecimal": 41.834015
            },
            {
              "url": "longitude",
              "valueDecimal": -71.43458
            }
          ],
          "url": "http://hl7.org/fhir/StructureDefinition/geolocation"
        }
      ],
      "use": "work",
      "type": "both",
      "line": [
        "825 CHALKSTONE AVE"
      ],
      "city": "PROVIDENCE",
      "district": "PROVIDENCE",
      "state": "RI",
      "postalCode": "02908",
      "country": "USA"
    }
  ]
}