{
  "resourceType": "Questionnaire",
  "id": "CDCHealthcareWorkerStaffingPathway",
  "meta": {
    "profile": [
      "http://hl7.org/fhir/StructureDefinition/Questionnaire"
    ]
  },
  "text": {
    "status": "generated",
    "div": "<div xmlns=\"http://www.w3.org/1999/xhtml\"><p><b>Generated Narrative with Details</b></p><p><b>id</b>: CDCHealthcareWorkerStaffingPathway</p><p><b>meta</b>: </p><p><b>url</b>: <b>http://hl7.org/fhir/us/saner/Questionnaire/CDCHealthcareWorkerStaffingPathway</b></p><p><b>version</b>: 0.1.0</p><p><b>name</b>: CDCHealthcareWorkerStaffingPathway</p><p><b>title</b>: COVID-19 Healthcare Worker Staffing Pathway</p><p><b>status</b>: DRAFT</p><p><b>date</b>: Apr 27, 2020, 11:08:50 AM</p><p><b>publisher</b>: HL7 International</p><p><b>contact</b>: HL7 Patient Administration Workgroup: http://hl7.org/Special/committees/pafm/index.cfm, Audacious Inquiry: http://ainq.com, Keith W. Boone: mailto:kboone@ainq.com</p><p><b>description</b>: SANER implementation of the CDC COVID-19 Healthcare Worker Staffing Pathway</p><p><b>useContext</b>: </p><p><b>jurisdiction</b>: United States of America <span style=\"background: LightGoldenRodYellow\">(Details : {urn:iso:std:iso:3166 code 'US' = 'United States of America', given as 'United States of America'})</span></p><blockquote><p><b>item</b></p><p><b>linkId</b>: section_0</p><p><b>text</b>: COVID-19 Module: Healthcare Worker Staffing Pathway</p><p><b>type</b>: GROUP</p><p><b>repeats</b>: false</p><h3>Items</h3><table class=\"grid\"><tr><td>-</td><td><b>LinkId</b></td><td><b>Code</b></td><td><b>Text</b></td><td><b>Type</b></td><td><b>Required</b></td><td><b>Repeats</b></td></tr><tr><td>*</td><td>facilityId</td><td>facilityId (Details: http://hl7.org/fhir/us/saner/CodeSystem/MeasurePopulationSystem code facilityId = 'facilityId', stated as 'null')</td><td>Facility ID #:</td><td>STRING</td><td>true</td><td>false</td></tr><tr><td>*</td><td>summaryCensusId</td><td>summaryCensusId (Details: http://hl7.org/fhir/us/saner/CodeSystem/MeasurePopulationSystem code summaryCensusId = 'summaryCensusId', stated as 'null')</td><td>Summary Census ID #:</td><td>STRING</td><td>true</td><td>false</td></tr><tr><td>*</td><td>collectiondate</td><td>collectiondate (Details: http://hl7.org/fhir/us/saner/CodeSystem/MeasurePopulationSystem code collectiondate = 'collectiondate', stated as 'null')</td><td>Collection Date: Select the date for which the recorded data was collected for the following questions.</td><td>DATE</td><td>true</td><td>false</td></tr></table></blockquote><blockquote><p><b>item</b></p><p><b>linkId</b>: section_1</p><p><b>text</b>: Information:</p><p><b>type</b>: GROUP</p><p><b>repeats</b>: false</p><h3>Items</h3><table class=\"grid\"><tr><td>-</td><td><b>LinkId</b></td><td><b>Text</b></td><td><b>Type</b></td><td><b>Required</b></td><td><b>Repeats</b></td></tr><tr><td>*</td><td>groupToday</td><td>Critical Staffing Shortage Today: Does your organization consider that it has a critical staffing shortage in this group today?</td><td>DISPLAY</td><td>true</td><td>false</td></tr><tr><td>*</td><td>groupThisWeek</td><td>Critical Staffing Shortage Within a Week: Does your organization anticipate that it will have a critical staffing shortage in this group within one week?</td><td>DISPLAY</td><td>true</td><td>false</td></tr></table></blockquote><blockquote><p><b>item</b></p><p><b>linkId</b>: section_2</p><p><b>text</b>: Environmental services: Front-line persons who clean patient rooms and all areas in a healthcare facility</p><p><b>type</b>: GROUP</p><p><b>repeats</b>: false</p><h3>Items</h3><table class=\"grid\"><tr><td>-</td><td><b>LinkId</b></td><td><b>Code</b></td><td><b>Text</b></td><td><b>Type</b></td><td><b>Required</b></td><td><b>Repeats</b></td></tr><tr><td>*</td><td>shortenvsvc</td><td>Environmental services - Critical Staffing Shortage Today (Details: http://hl7.org/fhir/us/saner/CodeSystem/MeasurePopulationSystem code shortenvsvc = 'Environmental services - Critical Staffing Shortage Today', stated as 'null')</td><td>Critical Staffing Shortage Today</td><td>BOOLEAN</td><td>false</td><td>false</td></tr><tr><td>*</td><td>posshortenvsvc</td><td>Environmental services - Critical Staffing Shortage Within a Week (Details: http://hl7.org/fhir/us/saner/CodeSystem/MeasurePopulationSystem code posshortenvsvc = 'Environmental services - Critical Staffing Shortage Within a Week', stated as 'null')</td><td>Critical Staffing Shortage Within a Week</td><td>BOOLEAN</td><td>false</td><td>false</td></tr></table></blockquote><blockquote><p><b>item</b></p><p><b>linkId</b>: section_3</p><p><b>text</b>: Nurses: Registered nurses and licensed practical nurses</p><p><b>type</b>: GROUP</p><p><b>repeats</b>: false</p><h3>Items</h3><table class=\"grid\"><tr><td>-</td><td><b>LinkId</b></td><td><b>Code</b></td><td><b>Text</b></td><td><b>Type</b></td><td><b>Required</b></td><td><b>Repeats</b></td></tr><tr><td>*</td><td>shortnurse</td><td>Nurses - Critical Staffing Shortage Today (Details: http://hl7.org/fhir/us/saner/CodeSystem/MeasurePopulationSystem code shortnurse = 'Nurses - Critical Staffing Shortage Today', stated as 'null')</td><td>Critical Staffing Shortage Today</td><td>BOOLEAN</td><td>false</td><td>false</td></tr><tr><td>*</td><td>posshortnurse</td><td>Nurses - Critical Staffing Shortage Within a Week (Details: http://hl7.org/fhir/us/saner/CodeSystem/MeasurePopulationSystem code posshortnurse = 'Nurses - Critical Staffing Shortage Within a Week', stated as 'null')</td><td>Critical Staffing Shortage Within a Week</td><td>BOOLEAN</td><td>false</td><td>false</td></tr></table></blockquote><blockquote><p><b>item</b></p><p><b>linkId</b>: section_4</p><p><b>text</b>: Respiratory therapists: Certified medical professionals who specialize in knowledge and use of mechanical ventilation as well as other programs for respiratory care</p><p><b>type</b>: GROUP</p><p><b>repeats</b>: false</p><h3>Items</h3><table class=\"grid\"><tr><td>-</td><td><b>LinkId</b></td><td><b>Code</b></td><td><b>Text</b></td><td><b>Type</b></td><td><b>Required</b></td><td><b>Repeats</b></td></tr><tr><td>*</td><td>shortrt</td><td>Respiratory therapists - Critical Staffing Shortage Today (Details: http://hl7.org/fhir/us/saner/CodeSystem/MeasurePopulationSystem code shortrt = 'Respiratory therapists - Critical Staffing Shortage Today', stated as 'null')</td><td>Critical Staffing Shortage Today</td><td>BOOLEAN</td><td>false</td><td>false</td></tr><tr><td>*</td><td>posshortrt</td><td>Respiratory therapists - Critical Staffing Shortage Within a Week (Details: http://hl7.org/fhir/us/saner/CodeSystem/MeasurePopulationSystem code posshortrt = 'Respiratory therapists - Critical Staffing Shortage Within a Week', stated as 'null')</td><td>Critical Staffing Shortage Within a Week</td><td>BOOLEAN</td><td>false</td><td>false</td></tr></table></blockquote><blockquote><p><b>item</b></p><p><b>linkId</b>: section_5</p><p><b>text</b>: Pharmacists and pharmacy techs:</p><p><b>type</b>: GROUP</p><p><b>repeats</b>: false</p><h3>Items</h3><table class=\"grid\"><tr><td>-</td><td><b>LinkId</b></td><td><b>Code</b></td><td><b>Text</b></td><td><b>Type</b></td><td><b>Required</b></td><td><b>Repeats</b></td></tr><tr><td>*</td><td>shortphar</td><td>Pharmacists and pharmacy techs - Critical Staffing Shortage Today (Details: http://hl7.org/fhir/us/saner/CodeSystem/MeasurePopulationSystem code shortphar = 'Pharmacists and pharmacy techs - Critical Staffing Shortage Today', stated as 'null')</td><td>Critical Staffing Shortage Today</td><td>BOOLEAN</td><td>false</td><td>false</td></tr><tr><td>*</td><td>posshortphar</td><td>Pharmacists and pharmacy techs - Critical Staffing Shortage Within a Week (Details: http://hl7.org/fhir/us/saner/CodeSystem/MeasurePopulationSystem code posshortphar = 'Pharmacists and pharmacy techs - Critical Staffing Shortage Within a Week', stated as 'null')</td><td>Critical Staffing Shortage Within a Week</td><td>BOOLEAN</td><td>false</td><td>false</td></tr></table></blockquote><blockquote><p><b>item</b></p><p><b>linkId</b>: section_6</p><p><b>text</b>: Physicians: Attending physicians, fellows</p><p><b>type</b>: GROUP</p><p><b>repeats</b>: false</p><h3>Items</h3><table class=\"grid\"><tr><td>-</td><td><b>LinkId</b></td><td><b>Code</b></td><td><b>Text</b></td><td><b>Type</b></td><td><b>Required</b></td><td><b>Repeats</b></td></tr><tr><td>*</td><td>shortphys</td><td>Attending physicians, fellows - Critical Staffing Shortage Today (Details: http://hl7.org/fhir/us/saner/CodeSystem/MeasurePopulationSystem code shortphys = 'Attending physicians, fellows - Critical Staffing Shortage Today', stated as 'null')</td><td>Critical Staffing Shortage Today</td><td>BOOLEAN</td><td>false</td><td>false</td></tr><tr><td>*</td><td>posshortphys</td><td>Attending physicians, fellows - Critical Staffing Shortage Within a Week (Details: http://hl7.org/fhir/us/saner/CodeSystem/MeasurePopulationSystem code posshortphys = 'Attending physicians, fellows - Critical Staffing Shortage Within a Week', stated as 'null')</td><td>Critical Staffing Shortage Within a Week</td><td>BOOLEAN</td><td>false</td><td>false</td></tr></table></blockquote><blockquote><p><b>item</b></p><p><b>linkId</b>: section_7</p><p><b>text</b>: Temporary physicians, nurses, respiratory therapists, and pharmacists: 'per diems', 'travelers', retired, or other seasonal or intermittently contracted persons</p><p><b>type</b>: GROUP</p><p><b>repeats</b>: false</p><h3>Items</h3><table class=\"grid\"><tr><td>-</td><td><b>LinkId</b></td><td><b>Code</b></td><td><b>Text</b></td><td><b>Type</b></td><td><b>Required</b></td><td><b>Repeats</b></td></tr><tr><td>*</td><td>shorttemp</td><td>Temporary physicians, nurses, respiratory therapists, and pharmacists - Critical Staffing Shortage Today (Details: http://hl7.org/fhir/us/saner/CodeSystem/MeasurePopulationSystem code shorttemp = 'Temporary physicians, nurses, respiratory therapists, and pharmacists - Critical Staffing Shortage Today', stated as 'null')</td><td>Critical Staffing Shortage Today</td><td>BOOLEAN</td><td>false</td><td>false</td></tr><tr><td>*</td><td>posshorttemp</td><td>Temporary physicians, nurses, respiratory therapists, and pharmacists - Critical Staffing Shortage Within a Week (Details: http://hl7.org/fhir/us/saner/CodeSystem/MeasurePopulationSystem code posshorttemp = 'Temporary physicians, nurses, respiratory therapists, and pharmacists - Critical Staffing Shortage Within a Week', stated as 'null')</td><td>Critical Staffing Shortage Within a Week</td><td>BOOLEAN</td><td>false</td><td>false</td></tr></table></blockquote><blockquote><p><b>item</b></p><p><b>linkId</b>: section_8</p><p><b>text</b>: Other licensed independent practitioners: Advanced practice nurses, physician assistants</p><p><b>type</b>: GROUP</p><p><b>repeats</b>: false</p><h3>Items</h3><table class=\"grid\"><tr><td>-</td><td><b>LinkId</b></td><td><b>Code</b></td><td><b>Text</b></td><td><b>Type</b></td><td><b>Required</b></td><td><b>Repeats</b></td></tr><tr><td>*</td><td>shortothlic</td><td>Other licensed independent practitioners - Critical Staffing Shortage Today (Details: http://hl7.org/fhir/us/saner/CodeSystem/MeasurePopulationSystem code shortothlic = 'Other licensed independent practitioners - Critical Staffing Shortage Today', stated as 'null')</td><td>Critical Staffing Shortage Today</td><td>BOOLEAN</td><td>false</td><td>false</td></tr><tr><td>*</td><td>posshortothlic</td><td>Other licensed independent practitioners - Critical Staffing Shortage Within a Week (Details: http://hl7.org/fhir/us/saner/CodeSystem/MeasurePopulationSystem code posshortothlic = 'Other licensed independent practitioners - Critical Staffing Shortage Within a Week', stated as 'null')</td><td>Critical Staffing Shortage Within a Week</td><td>BOOLEAN</td><td>false</td><td>false</td></tr></table></blockquote><blockquote><p><b>item</b></p><p><b>linkId</b>: section_9</p><p><b>text</b>: Other HCP: Persons who work in the facility, regardless of clinical responsibility or patient contact not included in categories above</p><p><b>type</b>: GROUP</p><p><b>repeats</b>: false</p><h3>Items</h3><table class=\"grid\"><tr><td>-</td><td><b>LinkId</b></td><td><b>Code</b></td><td><b>Text</b></td><td><b>Type</b></td><td><b>Required</b></td><td><b>Repeats</b></td></tr><tr><td>*</td><td>shortoth</td><td>Other HCP - Critical Staffing Shortage Today (Details: http://hl7.org/fhir/us/saner/CodeSystem/MeasurePopulationSystem code shortoth = 'Other HCP - Critical Staffing Shortage Today', stated as 'null')</td><td>Critical Staffing Shortage Today</td><td>BOOLEAN</td><td>false</td><td>false</td></tr><tr><td>*</td><td>shortothsfy</td><td>Other HCP - Specify the groups - Critical Staffing Shortage Today (Details: http://hl7.org/fhir/us/saner/CodeSystem/MeasurePopulationSystem code shortothsfy = 'Other HCP - Specify the groups - Critical Staffing Shortage Today', stated as 'null')</td><td>Other HCP - Specify the groups</td><td>STRING</td><td>false</td><td>false</td></tr><tr><td>*</td><td>posshortoth</td><td>Other HCP - Critical Staffing Shortage Within a Week (Details: http://hl7.org/fhir/us/saner/CodeSystem/MeasurePopulationSystem code posshortoth = 'Other HCP - Critical Staffing Shortage Within a Week', stated as 'null')</td><td>Critical Staffing Shortage Within a Week</td><td>BOOLEAN</td><td>false</td><td>false</td></tr><tr><td>*</td><td>posshortothsfy</td><td>Other HCP - Specify the groups - Critical Staffing Shortage Within a Week (Details: http://hl7.org/fhir/us/saner/CodeSystem/MeasurePopulationSystem code posshortothsfy = 'Other HCP - Specify the groups - Critical Staffing Shortage Within a Week', stated as 'null')</td><td>Other HCP - Specify the groups</td><td>STRING</td><td>false</td><td>false</td></tr></table></blockquote></div>"
  },
  "url": "http://hl7.org/fhir/us/saner/Questionnaire/CDCHealthcareWorkerStaffingPathway",
  "version": "0.1.0",
  "name": "CDCHealthcareWorkerStaffingPathway",
  "title": "COVID-19 Healthcare Worker Staffing Pathway",
  "status": "draft",
  "date": "2020-04-27T11:08:50+00:00",
  "publisher": "HL7 International",
  "contact": [
    {
      "name": "HL7 Patient Administration Workgroup",
      "telecom": [
        {
          "system": "url",
          "value": "http://hl7.org/Special/committees/pafm/index.cfm"
        }
      ]
    },
    {
      "name": "Audacious Inquiry",
      "telecom": [
        {
          "system": "url",
          "value": "http://ainq.com"
        }
      ]
    },
    {
      "name": "Keith W. Boone",
      "telecom": [
        {
          "system": "email",
          "value": "mailto:kboone@ainq.com"
        }
      ]
    }
  ],
  "description": "SANER implementation of the CDC COVID-19 Healthcare Worker Staffing Pathway",
  "useContext": [
    {
      "code": {
        "system": "http://terminology.hl7.org/CodeSystem/usage-context-type",
        "code": "focus"
      },
      "valueCodeableConcept": {
        "coding": [
          {
            "system": "http://snomed.info/sct",
            "code": "840539006",
            "display": "COVID-19"
          }
        ]
      }
    }
  ],
  "jurisdiction": [
    {
      "coding": [
        {
          "system": "urn:iso:std:iso:3166",
          "code": "US",
          "display": "United States of America"
        }
      ]
    }
  ],
  "item": [
    {
      "linkId": "section_0",
      "text": "COVID-19 Module: Healthcare Worker Staffing Pathway",
      "type": "group",
      "repeats": false,
      "item": [
        {
          "linkId": "facilityId",
          "code": [
            {
              "system": "http://hl7.org/fhir/us/saner/CodeSystem/MeasurePopulationSystem",
              "code": "facilityId"
            }
          ],
          "text": "Facility ID #:",
          "type": "string",
          "required": true,
          "repeats": false
        },
        {
          "linkId": "summaryCensusId",
          "code": [
            {
              "system": "http://hl7.org/fhir/us/saner/CodeSystem/MeasurePopulationSystem",
              "code": "summaryCensusId"
            }
          ],
          "text": "Summary Census ID #:",
          "type": "string",
          "required": true,
          "repeats": false
        },
        {
          "linkId": "collectiondate",
          "code": [
            {
              "system": "http://hl7.org/fhir/us/saner/CodeSystem/MeasurePopulationSystem",
              "code": "collectiondate"
            }
          ],
          "text": "Collection Date: Select the date for which the recorded data was collected for the following questions.",
          "type": "date",
          "required": true,
          "repeats": false
        }
      ]
    },
    {
      "linkId": "section_1",
      "text": "Information:",
      "type": "group",
      "repeats": false,
      "item": [
        {
          "linkId": "groupToday",
          "text": "Critical Staffing Shortage Today: Does your organization consider that it has a critical staffing shortage in this group today?",
          "type": "display",
          "required": true,
          "repeats": false
        },
        {
          "linkId": "groupThisWeek",
          "text": "Critical Staffing Shortage Within a Week: Does your organization anticipate that it will have a critical staffing shortage in this group within one week?",
          "type": "display",
          "required": true,
          "repeats": false
        }
      ]
    },
    {
      "linkId": "section_2",
      "text": "Environmental services: Front-line persons who clean patient rooms and all areas in a healthcare facility",
      "type": "group",
      "repeats": false,
      "item": [
        {
          "linkId": "shortenvsvc",
          "code": [
            {
              "system": "http://hl7.org/fhir/us/saner/CodeSystem/MeasurePopulationSystem",
              "code": "shortenvsvc"
            }
          ],
          "text": "Critical Staffing Shortage Today",
          "type": "boolean",
          "required": false,
          "repeats": false
        },
        {
          "linkId": "posshortenvsvc",
          "code": [
            {
              "system": "http://hl7.org/fhir/us/saner/CodeSystem/MeasurePopulationSystem",
              "code": "posshortenvsvc"
            }
          ],
          "text": "Critical Staffing Shortage Within a Week",
          "type": "boolean",
          "required": false,
          "repeats": false
        }
      ]
    },
    {
      "linkId": "section_3",
      "text": "Nurses: Registered nurses and licensed practical nurses",
      "type": "group",
      "repeats": false,
      "item": [
        {
          "linkId": "shortnurse",
          "code": [
            {
              "system": "http://hl7.org/fhir/us/saner/CodeSystem/MeasurePopulationSystem",
              "code": "shortnurse"
            }
          ],
          "text": "Critical Staffing Shortage Today",
          "type": "boolean",
          "required": false,
          "repeats": false
        },
        {
          "linkId": "posshortnurse",
          "code": [
            {
              "system": "http://hl7.org/fhir/us/saner/CodeSystem/MeasurePopulationSystem",
              "code": "posshortnurse"
            }
          ],
          "text": "Critical Staffing Shortage Within a Week",
          "type": "boolean",
          "required": false,
          "repeats": false
        }
      ]
    },
    {
      "linkId": "section_4",
      "text": "Respiratory therapists: Certified medical professionals who specialize in knowledge and use of mechanical ventilation as well as other programs for respiratory care",
      "type": "group",
      "repeats": false,
      "item": [
        {
          "linkId": "shortrt",
          "code": [
            {
              "system": "http://hl7.org/fhir/us/saner/CodeSystem/MeasurePopulationSystem",
              "code": "shortrt"
            }
          ],
          "text": "Critical Staffing Shortage Today",
          "type": "boolean",
          "required": false,
          "repeats": false
        },
        {
          "linkId": "posshortrt",
          "code": [
            {
              "system": "http://hl7.org/fhir/us/saner/CodeSystem/MeasurePopulationSystem",
              "code": "posshortrt"
            }
          ],
          "text": "Critical Staffing Shortage Within a Week",
          "type": "boolean",
          "required": false,
          "repeats": false
        }
      ]
    },
    {
      "linkId": "section_5",
      "text": "Pharmacists and pharmacy techs:",
      "type": "group",
      "repeats": false,
      "item": [
        {
          "linkId": "shortphar",
          "code": [
            {
              "system": "http://hl7.org/fhir/us/saner/CodeSystem/MeasurePopulationSystem",
              "code": "shortphar"
            }
          ],
          "text": "Critical Staffing Shortage Today",
          "type": "boolean",
          "required": false,
          "repeats": false
        },
        {
          "linkId": "posshortphar",
          "code": [
            {
              "system": "http://hl7.org/fhir/us/saner/CodeSystem/MeasurePopulationSystem",
              "code": "posshortphar"
            }
          ],
          "text": "Critical Staffing Shortage Within a Week",
          "type": "boolean",
          "required": false,
          "repeats": false
        }
      ]
    },
    {
      "linkId": "section_6",
      "text": "Physicians: Attending physicians, fellows",
      "type": "group",
      "repeats": false,
      "item": [
        {
          "linkId": "shortphys",
          "code": [
            {
              "system": "http://hl7.org/fhir/us/saner/CodeSystem/MeasurePopulationSystem",
              "code": "shortphys"
            }
          ],
          "text": "Critical Staffing Shortage Today",
          "type": "boolean",
          "required": false,
          "repeats": false
        },
        {
          "linkId": "posshortphys",
          "code": [
            {
              "system": "http://hl7.org/fhir/us/saner/CodeSystem/MeasurePopulationSystem",
              "code": "posshortphys"
            }
          ],
          "text": "Critical Staffing Shortage Within a Week",
          "type": "boolean",
          "required": false,
          "repeats": false
        }
      ]
    },
    {
      "linkId": "section_7",
      "text": "Temporary physicians, nurses, respiratory therapists, and pharmacists: 'per diems', 'travelers', retired, or other seasonal or intermittently contracted persons",
      "type": "group",
      "repeats": false,
      "item": [
        {
          "linkId": "shorttemp",
          "code": [
            {
              "system": "http://hl7.org/fhir/us/saner/CodeSystem/MeasurePopulationSystem",
              "code": "shorttemp"
            }
          ],
          "text": "Critical Staffing Shortage Today",
          "type": "boolean",
          "required": false,
          "repeats": false
        },
        {
          "linkId": "posshorttemp",
          "code": [
            {
              "system": "http://hl7.org/fhir/us/saner/CodeSystem/MeasurePopulationSystem",
              "code": "posshorttemp"
            }
          ],
          "text": "Critical Staffing Shortage Within a Week",
          "type": "boolean",
          "required": false,
          "repeats": false
        }
      ]
    },
    {
      "linkId": "section_8",
      "text": "Other licensed independent practitioners: Advanced practice nurses, physician assistants",
      "type": "group",
      "repeats": false,
      "item": [
        {
          "linkId": "shortothlic",
          "code": [
            {
              "system": "http://hl7.org/fhir/us/saner/CodeSystem/MeasurePopulationSystem",
              "code": "shortothlic"
            }
          ],
          "text": "Critical Staffing Shortage Today",
          "type": "boolean",
          "required": false,
          "repeats": false
        },
        {
          "linkId": "posshortothlic",
          "code": [
            {
              "system": "http://hl7.org/fhir/us/saner/CodeSystem/MeasurePopulationSystem",
              "code": "posshortothlic"
            }
          ],
          "text": "Critical Staffing Shortage Within a Week",
          "type": "boolean",
          "required": false,
          "repeats": false
        }
      ]
    },
    {
      "linkId": "section_9",
      "text": "Other HCP: Persons who work in the facility, regardless of clinical responsibility or patient contact not included in categories above",
      "type": "group",
      "repeats": false,
      "item": [
        {
          "linkId": "shortoth",
          "code": [
            {
              "system": "http://hl7.org/fhir/us/saner/CodeSystem/MeasurePopulationSystem",
              "code": "shortoth"
            }
          ],
          "text": "Critical Staffing Shortage Today",
          "type": "boolean",
          "required": false,
          "repeats": false
        },
        {
          "linkId": "shortothsfy",
          "code": [
            {
              "system": "http://hl7.org/fhir/us/saner/CodeSystem/MeasurePopulationSystem",
              "code": "shortothsfy"
            }
          ],
          "text": "Other HCP - Specify the groups",
          "type": "string",
          "required": false,
          "repeats": false
        },
        {
          "linkId": "posshortoth",
          "code": [
            {
              "system": "http://hl7.org/fhir/us/saner/CodeSystem/MeasurePopulationSystem",
              "code": "posshortoth"
            }
          ],
          "text": "Critical Staffing Shortage Within a Week",
          "type": "boolean",
          "required": false,
          "repeats": false
        },
        {
          "linkId": "posshortothsfy",
          "code": [
            {
              "system": "http://hl7.org/fhir/us/saner/CodeSystem/MeasurePopulationSystem",
              "code": "posshortothsfy"
            }
          ],
          "text": "Other HCP - Specify the groups",
          "type": "string",
          "required": false,
          "repeats": false
        }
      ]
    }
  ]
}