{
  "resourceType": "ValueSet",
  "id": "BedLocationOperationalStatus",
  "text": {
    "status": "generated",
    "div": "<div xmlns=\"http://www.w3.org/1999/xhtml\"><h2>Bed Location Operational Status</h2><div><p>This Value Set is used to indicate whether a bed is in use (O), available for use (U), or not available (C) for use.</p>\n</div><ul><li>Include these codes as defined in <a href=\"http://hl7.org/fhir/R4/v2/0116/index.html\"><code>http://terminology.hl7.org/CodeSystem/v2-0116</code></a><table class=\"none\"><tr><td style=\"white-space:nowrap\"><b>Code</b></td><td><b>Display</b></td></tr><tr><td><a href=\"http://hl7.org/fhir/R4/v2/0116/index.html#v2-0116-C\">C</a></td><td>Closed</td><td/></tr><tr><td><a href=\"http://hl7.org/fhir/R4/v2/0116/index.html#v2-0116-O\">O</a></td><td>Occupied</td><td/></tr><tr><td><a href=\"http://hl7.org/fhir/R4/v2/0116/index.html#v2-0116-U\">U</a></td><td>Unoccupied</td><td/></tr></table></li></ul></div>"
  },
  "url": "http://hl7.org/fhir/us/saner/ValueSet/BedLocationOperationalStatus",
  "version": "0.1.0",
  "name": "BedLocationOperationalStatus",
  "title": "Bed Location Operational Status",
  "status": "active",
  "date": "2020-05-15T14:48:47+00:00",
  "publisher": "HL7 International",
  "contact": [
    {
      "name": "HL7 Patient Administration Workgroup",
      "telecom": [
        {
          "system": "url",
          "value": "http://hl7.org/Special/committees/pafm/index.cfm"
        }
      ]
    },
    {
      "name": "Audacious Inquiry",
      "telecom": [
        {
          "system": "url",
          "value": "http://ainq.com"
        }
      ]
    },
    {
      "name": "Keith W. Boone",
      "telecom": [
        {
          "system": "email",
          "value": "mailto:kboone@ainq.com"
        }
      ]
    }
  ],
  "description": "This Value Set is used to indicate whether a bed is in use (O), available for use (U), or not available (C) for use.",
  "compose": {
    "include": [
      {
        "system": "http://terminology.hl7.org/CodeSystem/v2-0116",
        "concept": [
          {
            "code": "C"
          },
          {
            "code": "O"
          },
          {
            "code": "U"
          }
        ]
      }
    ]
  }
}