{
  "resourceType": "ValueSet",
  "id": "MeasureStatus",
  "text": {
    "status": "generated",
    "div": "<div xmlns=\"http://www.w3.org/1999/xhtml\"><h2>Measure Status Values</h2><div><p>Allowed Status Values for Saner Measures</p>\n</div><ul><li>Include these codes as defined in <a href=\"http://hl7.org/fhir/R4/codesystem-publication-status.html\"><code>http://hl7.org/fhir/publication-status</code></a><table class=\"none\"><tr><td style=\"white-space:nowrap\"><b>Code</b></td><td><b>Display</b></td></tr><tr><td><a href=\"http://hl7.org/fhir/R4/codesystem-publication-status.html#publication-status-active\">active</a></td><td>Active</td><td>This resource is ready for normal use.</td></tr><tr><td><a href=\"http://hl7.org/fhir/R4/codesystem-publication-status.html#publication-status-draft\">draft</a></td><td>Draft</td><td>This resource is still under development and is not yet considered to be ready for normal use.</td></tr><tr><td><a href=\"http://hl7.org/fhir/R4/codesystem-publication-status.html#publication-status-retired\">retired</a></td><td>Retired</td><td>This resource has been withdrawn or superseded and should no longer be used.</td></tr></table></li></ul></div>"
  },
  "url": "http://hl7.org/fhir/us/saner/ValueSet/MeasureStatus",
  "version": "0.1.0",
  "name": "MeasureStatus",
  "title": "Measure Status Values",
  "status": "active",
  "date": "2020-05-15T14:48:47+00:00",
  "publisher": "HL7 International",
  "contact": [
    {
      "name": "HL7 Patient Administration Workgroup",
      "telecom": [
        {
          "system": "url",
          "value": "http://hl7.org/Special/committees/pafm/index.cfm"
        }
      ]
    },
    {
      "name": "Audacious Inquiry",
      "telecom": [
        {
          "system": "url",
          "value": "http://ainq.com"
        }
      ]
    },
    {
      "name": "Keith W. Boone",
      "telecom": [
        {
          "system": "email",
          "value": "mailto:kboone@ainq.com"
        }
      ]
    }
  ],
  "description": "Allowed Status Values for Saner Measures",
  "compose": {
    "include": [
      {
        "system": "http://hl7.org/fhir/publication-status",
        "concept": [
          {
            "code": "active"
          },
          {
            "code": "draft"
          },
          {
            "code": "retired"
          }
        ]
      }
    ]
  }
}