{
  "resourceType": "ValueSet",
  "id": "SuspectedOrDiagnosedCOVID19",
  "text": {
    "status": "generated",
    "div": "<div xmlns=\"http://www.w3.org/1999/xhtml\"><h2>Suspected Or Diagnosed COVID-19</h2><div><p>Coded identifying suspected or confirmed COVID-19</p>\n</div><p>This value set includes codes based on the following rules:</p><ul/></div>"
  },
  "url": "http://hl7.org/fhir/us/saner/ValueSet/SuspectedOrDiagnosedCOVID19",
  "version": "0.1.0",
  "name": "SuspectedOrDiagnosedCOVID19",
  "title": "Suspected Or Diagnosed COVID-19",
  "status": "active",
  "date": "2020-05-15T14:48:47+00:00",
  "publisher": "HL7 International",
  "contact": [
    {
      "name": "HL7 Patient Administration Workgroup",
      "telecom": [
        {
          "system": "url",
          "value": "http://hl7.org/Special/committees/pafm/index.cfm"
        }
      ]
    },
    {
      "name": "Audacious Inquiry",
      "telecom": [
        {
          "system": "url",
          "value": "http://ainq.com"
        }
      ]
    },
    {
      "name": "Keith W. Boone",
      "telecom": [
        {
          "system": "email",
          "value": "mailto:kboone@ainq.com"
        }
      ]
    }
  ],
  "description": "Coded identifying suspected or confirmed COVID-19"
}